vocab_index_zero_based,candidate,vocabulary_source,vocabulary_path,source_line_one_based,saved_log_score,unnormalized_continuation_probability,normalized_sampling_probability,rank_one_based,descending_cumulative_probability,prefix_count,prefix_inclusion_frequency,theoretical_inclusion_p06
5908,mask,1gram,/users/ljohnst7/data/ljohnst7/ngrams/set_variant_qwen_support/vocab_1gram.txt,5909,-4.400766372680664,0.012267934489661783,0.6522432897840695,1,0.6522432897840695,500,1.0,1.0
11044,masks,1gram,/users/ljohnst7/data/ljohnst7/ngrams/set_variant_qwen_support/vocab_1gram.txt,11045,-7.275766372680664,0.0006921095035919608,0.03679704842686075,2,0.6890403382109302,21,0.042,0.05340332979982424
380,face,1gram,/users/ljohnst7/data/ljohnst7/ngrams/set_variant_qwen_support/vocab_1gram.txt,381,-7.525766372680664,0.0005390154233685803,0.02865757012955555,3,0.7176979083404857,12,0.024,0.04208772791561884
1125,blue,1gram,/users/ljohnst7/data/ljohnst7/ngrams/set_variant_qwen_support/vocab_1gram.txt,1126,-8.838266372680664,0.0001450740331083686,0.007713080363820402,6,0.7493034938308761,10,0.02,0.011687257995694433
1370,double,1gram,/users/ljohnst7/data/ljohnst7/ngrams/set_variant_qwen_support/vocab_1gram.txt,1371,-8.838266372680664,0.0001450740331083686,0.007713080363820402,7,0.7570165741946966,10,0.02,0.011687257995694433
4514,surgical,1gram,/users/ljohnst7/data/ljohnst7/ngrams/set_variant_qwen_support/vocab_1gram.txt,4515,-8.400766372680664,0.00022469505802329268,0.01194625256328502,4,0.7296441609037707,9,0.018,0.01798620996209156
16529,disposable,1gram,/users/ljohnst7/data/ljohnst7/ngrams/set_variant_qwen_support/vocab_1gram.txt,16530,-8.400766372680664,0.00022469505802329268,0.01194625256328502,5,0.7415904134670557,8,0.016,0.01798620996209156
2,and,1gram,/users/ljohnst7/data/ljohnst7/ngrams/set_variant_qwen_support/vocab_1gram.txt,3,-9.275766372680664,9.366683569936941e-05,0.004979938971120553,9,0.7672976306063242,4,0.008,0.007577241267860811
2411,cotton,1gram,/users/ljohnst7/data/ljohnst7/ngrams/set_variant_qwen_support/vocab_1gram.txt,2412,-9.400766372680664,8.26606923795937e-05,0.004394780717074204,11,0.7763706310448829,3,0.006,0.0066928509242848554
70,two,1gram,/users/ljohnst7/data/ljohnst7/ngrams/set_variant_qwen_support/vocab_1gram.txt,71,-9.525766372680664,7.294780499048951e-05,0.0038783803703564923,12,0.7802490114152394,3,0.006,0.005911068856243797
35954,reusable,1gram,/users/ljohnst7/data/ljohnst7/ngrams/set_variant_qwen_support/vocab_1gram.txt,35955,-9.525766372680664,7.294780499048951e-05,0.0038783803703564923,14,0.7880057721559524,3,0.006,0.005911068856243797
587,n,1gram,/users/ljohnst7/data/ljohnst7/ngrams/set_variant_qwen_support/vocab_1gram.txt,588,-10.057016372680664,4.288380227475175e-05,0.002279982200565596,22,0.8100132479576304,3,0.006,0.003483424193080668
174,public,1gram,/users/ljohnst7/data/ljohnst7/ngrams/set_variant_qwen_support/vocab_1gram.txt,175,-12.150766372680664,5.284321269693017e-06,0.0002809489317150345,142,0.889634796960729,3,0.006,0.00043055708132461493
2952,cloth,1gram,/users/ljohnst7/data/ljohnst7/ngrams/set_variant_qwen_support/vocab_1gram.txt,2953,-9.213266372680664,9.970782758634829e-05,0.005301117440506933,8,0.7623176916352036,2,0.004,0.00806199152827164
2317,clean,1gram,/users/ljohnst7/data/ljohnst7/ngrams/set_variant_qwen_support/vocab_1gram.txt,2318,-10.025766372680664,4.424508028547015e-05,0.002352356604648851,21,0.8077332657570648,2,0.004,0.00359360258142009
8,for,1gram,/users/ljohnst7/data/ljohnst7/ngrams/set_variant_qwen_support/vocab_1gram.txt,9,-10.432016372680664,2.9473577537228786e-05,0.0015670073222829822,28,0.8209959852921646,2,0.004,0.0023967308701289603
66,new,1gram,/users/ljohnst7/data/ljohnst7/ngrams/set_variant_qwen_support/vocab_1gram.txt,67,-10.525766372680664,2.6835997734584635e-05,0.001426776403297038,31,0.8254618361658216,2,0.004,0.002182716445345181
123,good,1gram,/users/ljohnst7/data/ljohnst7/ngrams/set_variant_qwen_support/vocab_1gram.txt,124,-10.557016372680664,2.6010340884691307e-05,0.0013828791082421128,32,0.8268447152740637,2,0.004,0.0021157034005931143
4171,favorite,1gram,/users/ljohnst7/data/ljohnst7/ngrams/set_variant_qwen_support/vocab_1gram.txt,4172,-10.557016372680664,2.6010340884691307e-05,0.0013828791082421128,33,0.8282275943823058,2,0.004,0.0021157034005931143
2810,cup,1gram,/users/ljohnst7/data/ljohnst7/ngrams/set_variant_qwen_support/vocab_1gram.txt,2811,-10.588266372680664,2.521008682550165e-05,0.0013403323909712652,34,0.8295679267732771,2,0.004,0.0020507435399173776
19189,masking,1gram,/users/ljohnst7/data/ljohnst7/ngrams/set_variant_qwen_support/vocab_1gram.txt,19190,-10.900766372680664,1.844409352863884e-05,0.0009806081252179985,44,0.8403818818753734,2,0.004,0.0015011822567369915
2394,carbon,1gram,/users/ljohnst7/data/ljohnst7/ngrams/set_variant_qwen_support/vocab_1gram.txt,2395,-11.057016372680664,1.57760692161423e-05,0.000838758577824907,51,0.8464979420951472,2,0.004,0.0012843081201339697
126,three,1gram,/users/ljohnst7/data/ljohnst7/ngrams/set_variant_qwen_support/vocab_1gram.txt,127,-11.213266372680664,1.349398708730579e-05,0.0007174282302815533,60,0.8534037475617853,2,0.004,0.001098731072924643
27770,kn,1gram,/users/ljohnst7/data/ljohnst7/ngrams/set_variant_qwen_support/vocab_1gram.txt,27771,-11.369516372680664,1.1542018801873704e-05,0.0006136488844497601,77,0.8643917668014001,2,0.004,0.0009399438806628558
2897,random,1gram,/users/ljohnst7/data/ljohnst7/ngrams/set_variant_qwen_support/vocab_1gram.txt,2898,-11.838266372680664,7.222810804768105e-06,0.00038401165940035525,106,0.8777481442735348,2,0.004,0.0005884088185569387
12158,umbrella,1gram,/users/ljohnst7/data/ljohnst7/ngrams/set_variant_qwen_support/vocab_1gram.txt,12159,-13.400766372680664,1.5139833919173797e-06,8.049321660910339e-05,414,0.928912207881409,2,0.004,0.00012339457598623175
1366,cover,1gram,/users/ljohnst7/data/ljohnst7/ngrams/set_variant_qwen_support/vocab_1gram.txt,1367,-9.338266372680664,8.799184900839124e-05,0.004678219721484547,10,0.7719758503278087,1,0.002,0.007121428745735101
539,x,1gram,/users/ljohnst7/data/ljohnst7/ngrams/set_variant_qwen_support/vocab_1gram.txt,540,-9.525766372680664,7.294780499048951e-05,0.0038783803703564923,13,0.7841273917855959,1,0.002,0.005911068856243797
814,medical,1gram,/users/ljohnst7/data/ljohnst7/ngrams/set_variant_qwen_support/vocab_1gram.txt,815,-9.650766372680664,6.437621195445209e-05,0.0034226586638845006,15,0.7914284308198368,1,0.002,0.005220125693558398
15,on,1gram,/users/ljohnst7/data/ljohnst7/ngrams/set_variant_qwen_support/vocab_1gram.txt,16,-9.775766372680664,5.681180764993338e-05,0.003020485669482401,16,0.7944489164893193,1,0.002,0.004609572179374208
4,in,1gram,/users/ljohnst7/data/ljohnst7/ngrams/set_variant_qwen_support/vocab_1gram.txt,5,-9.869516372680664,5.1727739513993825e-05,0.002750183498463635,18,0.8001266550829048,1,0.002,0.0041987952714718675
51,other,1gram,/users/ljohnst7/data/ljohnst7/ngrams/set_variant_qwen_support/vocab_1gram.txt,52,-9.869516372680664,5.1727739513993825e-05,0.002750183498463635,19,0.8028768385813685,1,0.002,0.0041987952714718675
207,hand,1gram,/users/ljohnst7/data/ljohnst7/ngrams/set_variant_qwen_support/vocab_1gram.txt,208,-9.963266372680664,4.709864279825878e-05,0.0025040705710475315,20,0.805380909152416,1,0.002,0.0038244836446372113
274,best,1gram,/users/ljohnst7/data/ljohnst7/ngrams/set_variant_qwen_support/vocab_1gram.txt,275,-10.244516372680664,3.555192078406009e-05,0.0018901716332019051,25,0.816195479021345,1,0.002,0.0028895810177736276
20493,homemade,1gram,/users/ljohnst7/data/ljohnst7/ngrams/set_variant_qwen_support/vocab_1gram.txt,20494,-10.400766372680664,3.040916931944944e-05,0.001616749474268289,27,0.8194289779698816,1,0.002,0.0024726231566347748
488,non,1gram,/users/ljohnst7/data/ljohnst7/ngrams/set_variant_qwen_support/vocab_1gram.txt,489,-10.744516372680664,2.156332996720725e-05,0.0011464470476560571,37,0.8331963077029736,1,0.002,0.0017546144100994867
1832,un,1gram,/users/ljohnst7/data/ljohnst7/ngrams/set_variant_qwen_support/vocab_1gram.txt,1833,-10.775766372680664,2.089989605019696e-05,0.0011111745801555357,38,0.8343074822831291,1,0.002,0.001700722411435288
1153,inside,1gram,/users/ljohnst7/data/ljohnst7/ngrams/set_variant_qwen_support/vocab_1gram.txt,1154,-10.807016372680664,2.025687384895177e-05,0.0010769873323920435,39,0.8353844696155212,1,0.002,0.0016484829418512883
1158,car,1gram,/users/ljohnst7/data/ljohnst7/ngrams/set_variant_qwen_support/vocab_1gram.txt,1159,-10.869516372680664,1.9029571905469983e-05,0.0010117359685337245,41,0.8374400574997193,1,0.002,0.00154876109428798
193,second,1gram,/users/ljohnst7/data/ljohnst7/ngrams/set_variant_qwen_support/vocab_1gram.txt,194,-10.900766372680664,1.844409352863884e-05,0.0009806081252179985,42,0.8384206656249373,1,0.002,0.0015011822567369915
4104,filter,1gram,/users/ljohnst7/data/ljohnst7/ngrams/set_variant_qwen_support/vocab_1gram.txt,4105,-11.057016372680664,1.57760692161423e-05,0.000838758577824907,52,0.8473367006729721,1,0.002,0.0012843081201339697
453,required,1gram,/users/ljohnst7/data/ljohnst7/ngrams/set_variant_qwen_support/vocab_1gram.txt,454,-11.119516372680664,1.482024550149363e-05,0.0007879407645555709,54,0.8489375941268577,1,0.002,0.001206589712246389
31,you,1gram,/users/ljohnst7/data/ljohnst7/ngrams/set_variant_qwen_support/vocab_1gram.txt,32,-11.150766372680664,1.4364274483146158e-05,0.0007636983758059594,56,0.8504649908784695,1,0.002,0.001169510265055515
546,paper,1gram,/users/ljohnst7/data/ljohnst7/ngrams/set_variant_qwen_support/vocab_1gram.txt,547,-11.182016372680664,1.3922332218205767e-05,0.0007402018469467406,58,0.8519688911012222,1,0.002,0.0011335690050875116
958,key,1gram,/users/ljohnst7/data/ljohnst7/ngrams/set_variant_qwen_support/vocab_1gram.txt,959,-11.275766372680664,1.2676427739251425e-05,0.0006739614511576455,63,0.855512565473506,1,0.002,0.0010322310367548194
166,social,1gram,/users/ljohnst7/data/ljohnst7/ngrams/set_variant_qwen_support/vocab_1gram.txt,167,-11.307016372680664,1.2286415059320308e-05,0.0006532258372178954,65,0.8568397527618815,1,0.002,0.0010005044009099887
5,a,1gram,/users/ljohnst7/data/ljohnst7/ngrams/set_variant_qwen_support/vocab_1gram.txt,6,-11.338266372680664,1.1908401808063886e-05,0.0006331281910502187,67,0.8581261067901497,1,0.002,0.0009697519677825863
7,that,1gram,/users/ljohnst7/data/ljohnst7/ngrams/set_variant_qwen_support/vocab_1gram.txt,8,-11.338266372680664,1.1908401808063886e-05,0.0006331281910502187,68,0.8587592349811999,1,0.002,0.0009697519677825863
5234,protective,1gram,/users/ljohnst7/data/ljohnst7/ngrams/set_variant_qwen_support/vocab_1gram.txt,5235,-11.338266372680664,1.1908401808063886e-05,0.0006331281910502187,73,0.861924875936451,1,0.002,0.0009697519677825863
4897,replacement,1gram,/users/ljohnst7/data/ljohnst7/ngrams/set_variant_qwen_support/vocab_1gram.txt,4898,-11.369516372680664,1.1542018801873704e-05,0.0006136488844497601,76,0.8637781179169502,1,0.002,0.0009399438806628558
65,my,1gram,/users/ljohnst7/data/ljohnst7/ngrams/set_variant_qwen_support/vocab_1gram.txt,66,-11.400766372680664,1.1186908215726828e-05,0.0005947688931080413,78,0.8649865356945081,1,0.002,0.0009110511944006454
1924,store,1gram,/users/ljohnst7/data/ljohnst7/ngrams/set_variant_qwen_support/vocab_1gram.txt,1925,-11.432016372680664,1.0842723233718901e-05,0.0005764697780330218,80,0.8661577743656492,1,0.002,0.0008830458477845482
4311,res,1gram,/users/ljohnst7/data/ljohnst7/ngrams/set_variant_qwen_support/vocab_1gram.txt,4312,-11.432016372680664,1.0842723233718901e-05,0.0005764697780330218,81,0.8667342441436823,1,0.002,0.0008830458477845482
118,own,1gram,/users/ljohnst7/data/ljohnst7/ngrams/set_variant_qwen_support/vocab_1gram.txt,119,-11.557016372680664,9.568669669338958e-06,0.0005087327935477709,85,0.8688514740166138,1,0.002,0.0007793660930208433
94,well,1gram,/users/ljohnst7/data/ljohnst7/ngrams/set_variant_qwen_support/vocab_1gram.txt,95,-11.588266372680664,9.274272653249087e-06,0.0004930807309744922,87,0.8698532875411361,1,0.002,0.0007554056327295275
24,at,1gram,/users/ljohnst7/data/ljohnst7/ngrams/set_variant_qwen_support/vocab_1gram.txt,25,-11.744516372680664,7.93270577813162e-06,0.0004217542992243602,93,0.872594791604547,1,0.002,0.000646203290719727
355,full,1gram,/users/ljohnst7/data/ljohnst7/ngrams/set_variant_qwen_support/vocab_1gram.txt,356,-11.744516372680664,7.93270577813162e-06,0.0004217542992243602,94,0.8730165459037713,1,0.002,0.000646203290719727
5596,spare,1gram,/users/ljohnst7/data/ljohnst7/ngrams/set_variant_qwen_support/vocab_1gram.txt,5597,-11.807016372680664,7.452087431432781e-06,0.00039620149798910736,100,0.8754318844785437,1,0.002,0.0006070755804415096
34064,respir,1gram,/users/ljohnst7/data/ljohnst7/ngrams/set_variant_qwen_support/vocab_1gram.txt,34065,-11.807016372680664,7.452087431432781e-06,0.00039620149798910736,101,0.8758280859765328,1,0.002,0.0006070755804415096
2061,band,1gram,/users/ljohnst7/data/ljohnst7/ngrams/set_variant_qwen_support/vocab_1gram.txt,2062,-11.932016372680664,6.576444076029022e-06,0.00034964659477476406,116,0.881389908823679,1,0.002,0.0005357805383473944
2862,custom,1gram,/users/ljohnst7/data/ljohnst7/ngrams/set_variant_qwen_support/vocab_1gram.txt,2863,-11.932016372680664,6.576444076029022e-06,0.00034964659477476406,117,0.8817395554184537,1,0.002,0.0005357805383473944
27887,knitted,1gram,/users/ljohnst7/data/ljohnst7/ngrams/set_variant_qwen_support/vocab_1gram.txt,27888,-11.941927909851074,6.511583371745402e-06,0.0003461981773435077,119,0.882435400190572,1,0.002,0.0005304991633024559
143,number,1gram,/users/ljohnst7/data/ljohnst7/ngrams/set_variant_qwen_support/vocab_1gram.txt,144,-11.963266372680664,6.374108163162401e-06,0.0003388890999771841,121,0.8831131783905263,1,0.002,0.0005193048644949271
298,better,1gram,/users/ljohnst7/data/ljohnst7/ngrams/set_variant_qwen_support/vocab_1gram.txt,299,-11.963266372680664,6.374108163162401e-06,0.0003388890999771841,122,0.8834520674905034,1,0.002,0.0005193048644949271
1892,copy,1gram,/users/ljohnst7/data/ljohnst7/ngrams/set_variant_qwen_support/vocab_1gram.txt,1893,-12.088266372680664,5.625130710730005e-06,0.0002990685810495463,137,0.8882030143763934,1,0.002,0.00045831290063503817
215,school,1gram,/users/ljohnst7/data/ljohnst7/ngrams/set_variant_qwen_support/vocab_1gram.txt,216,-12.150766372680664,5.284321269693017e-06,0.0002809489317150345,143,0.889915745892444,1,0.002,0.00043055708132461493
7805,micro,1gram,/users/ljohnst7/data/ljohnst7/ngrams/set_variant_qwen_support/vocab_1gram.txt,7806,-12.150766372680664,5.284321269693017e-06,0.0002809489317150345,145,0.8904776437558741,1,0.002,0.00043055708132461493
3359,requirement,1gram,/users/ljohnst7/data/ljohnst7/ngrams/set_variant_qwen_support/vocab_1gram.txt,3360,-12.182016372680664,5.121739796236705e-06,0.0002723050418088364,149,0.8915755078130158,1,0.002,0.00041731576067772006
1109,box,1gram,/users/ljohnst7/data/ljohnst7/ngrams/set_variant_qwen_support/vocab_1gram.txt,1110,-12.244516372680664,4.81142926891639e-06,0.00025580691334519057,159,0.8941741778619247,1,0.002,0.0003920417892376281
2870,option,1gram,/users/ljohnst7/data/ljohnst7/ngrams/set_variant_qwen_support/vocab_1gram.txt,2871,-12.369516372680664,4.246071426823579e-06,0.00022574880868685674,176,0.8983230500177056,1,0.002,0.0003459916031782155
5778,dual,1gram,/users/ljohnst7/data/ljohnst7/ngrams/set_variant_qwen_support/vocab_1gram.txt,5779,-12.369516372680664,4.246071426823579e-06,0.00022574880868685674,178,0.8987745476350794,1,0.002,0.0003459916031782155
86,made,1gram,/users/ljohnst7/data/ljohnst7/ngrams/set_variant_qwen_support/vocab_1gram.txt,87,-12.619516372680664,3.3068437521873202e-06,0.00017581334898276077,212,0.9055634503678254,1,0.002,0.0002694791555588555
15637,electrostatic,1gram,/users/ljohnst7/data/ljohnst7/ngrams/set_variant_qwen_support/vocab_1gram.txt,15638,-12.633099555969238,3.2622299719174102e-06,0.00017344138988585888,219,0.9067917718516078,1,0.002,0.00026584448497169794
88524,beanie,1gram,/users/ljohnst7/data/ljohnst7/ngrams/set_variant_qwen_support/vocab_1gram.txt,88525,-12.709996223449707,3.0207777595793865e-06,0.00016060421787179996,231,0.908801556463127,1,0.002,0.00024617299091614874
8626,filters,1gram,/users/ljohnst7/data/ljohnst7/ngrams/set_variant_qwen_support/vocab_1gram.txt,8627,-12.775766372680664,2.8284933515691687e-06,0.0001503811265306736,246,0.9111216078838679,1,0.002,0.00023050672199313973
7319,folded,1gram,/users/ljohnst7/data/ljohnst7/ngrams/set_variant_qwen_support/vocab_1gram.txt,7320,-12.807016372680664,2.7414697598362206e-06,0.00014575438567152114,256,0.9125791517405833,1,0.002,0.00022341636018277186
3004,nice,1gram,/users/ljohnst7/data/ljohnst7/ngrams/set_variant_qwen_support/vocab_1gram.txt,3005,-12.932016372680664,2.4193385715847993e-06,0.00012862779389323793,274,0.9150430784567938,1,0.002,0.00019716942196222918
1857,tissue,1gram,/users/ljohnst7/data/ljohnst7/ngrams/set_variant_qwen_support/vocab_1gram.txt,1858,-13.057016372680664,2.1350587957270247e-06,0.00011351362969707224,299,0.9180589770793939,1,0.002,0.00017400543552708933
585,physical,1gram,/users/ljohnst7/data/ljohnst7/ngrams/set_variant_qwen_support/vocab_1gram.txt,586,-13.088266372680664,2.069369942379672e-06,0.00011002118246844329,308,0.9190596450632953,1,0.002,0.00016865275398914432
2594,supplies,1gram,/users/ljohnst7/data/ljohnst7/ngrams/set_variant_qwen_support/vocab_1gram.txt,2595,-13.088266372680664,2.069369942379672e-06,0.00011002118246844329,312,0.9194997297931689,1,0.002,0.00016865275398914432
1063,separate,1gram,/users/ljohnst7/data/ljohnst7/ngrams/set_variant_qwen_support/vocab_1gram.txt,1064,-13.213266372680664,1.8262125644517233e-06,9.70933527470958e-05,340,0.9223923133241029,1,0.002,0.0001488384825728813
477,available,1gram,/users/ljohnst7/data/ljohnst7/ngrams/set_variant_qwen_support/vocab_1gram.txt,478,-13.244516372680664,1.7700259106848829e-06,9.410610432922028e-05,349,0.9232593001983376,1,0.002,0.00014425986448478857
112,way,1gram,/users/ljohnst7/data/ljohnst7/ngrams/set_variant_qwen_support/vocab_1gram.txt,113,-13.275766372680664,1.7155679385200455e-06,9.121076388297845e-05,358,0.9240946301742617,1,0.002,0.0001398220756473291
699,quality,1gram,/users/ljohnst7/data/ljohnst7/ngrams/set_variant_qwen_support/vocab_1gram.txt,700,-13.275766372680664,1.7155679385200455e-06,9.121076388297845e-05,361,0.9243682624659106,1,0.002,0.0001398220756473291
1387,requirements,1gram,/users/ljohnst7/data/ljohnst7/ngrams/set_variant_qwen_support/vocab_1gram.txt,1388,-13.275766372680664,1.7155679385200455e-06,9.121076388297845e-05,363,0.9245506839936766,1,0.002,0.0001398220756473291
1429,winter,1gram,/users/ljohnst7/data/ljohnst7/ngrams/set_variant_qwen_support/vocab_1gram.txt,1430,-13.275766372680664,1.7155679385200455e-06,9.121076388297845e-05,364,0.9246418947575595,1,0.002,0.0001398220756473291
281,put,1gram,/users/ljohnst7/data/ljohnst7/ngrams/set_variant_qwen_support/vocab_1gram.txt,282,-13.338266372680664,1.6116269315897165e-06,8.568458306086555e-05,388,0.9267729052770076,1,0.002,0.00013135179706526772
1511,exactly,1gram,/users/ljohnst7/data/ljohnst7/ngrams/set_variant_qwen_support/vocab_1gram.txt,1512,-13.463266372680664,1.4222557752498405e-06,7.561637915046634e-05,434,0.9304605402874724,1,0.002,0.000115919343186331
12572,tort,1gram,/users/ljohnst7/data/ljohnst7/ngrams/set_variant_qwen_support/vocab_1gram.txt,12573,-13.463266372680664,1.4222557752498405e-06,7.561637915046634e-05,440,0.930914238562375,1,0.002,0.000115919343186331
1436,perfect,1gram,/users/ljohnst7/data/ljohnst7/ngrams/set_variant_qwen_support/vocab_1gram.txt,1437,-13.494516372680664,1.3784975652980635e-06,7.328990774339608e-05,445,0.9312853410439059,1,0.002,0.00011235328063870754
96,must,1gram,/users/ljohnst7/data/ljohnst7/ngrams/set_variant_qwen_support/vocab_1gram.txt,97,-13.525766372680664,1.336085653931607e-06,7.103501433660464e-05,451,0.9317205707035525,1,0.002,0.00010889691002655445
981,cold,1gram,/users/ljohnst7/data/ljohnst7/ngrams/set_variant_qwen_support/vocab_1gram.txt,982,-13.557016372680664,1.2949786198975728e-06,6.884949670654078e-05,469,0.9329926444087208,1,0.002,0.00010554685795431097
2614,dress,1gram,/users/ljohnst7/data/ljohnst7/ngrams/set_variant_qwen_support/vocab_1gram.txt,2615,-13.588266372680664,1.2551363163410367e-06,6.673122038494893e-05,479,0.9336663114415347,1,0.002,0.00010229985472581487
12362,colorful,1gram,/users/ljohnst7/data/ljohnst7/ngrams/set_variant_qwen_support/vocab_1gram.txt,12363,-13.619516372680664,1.216519831595947e-06,6.46781165742578e-05,499,0.9349752692322486,1,0.002,9.915273115920183e-05
205,per,1gram,/users/ljohnst7/data/ljohnst7/ngrams/set_variant_qwen_support/vocab_1gram.txt,206,-13.650766372680664,1.179091451182357e-06,6.268818012710593e-05,506,0.9354199793403903,1,0.002,9.610241549947396e-05
1494,chemical,1gram,/users/ljohnst7/data/ljohnst7/ngrams/set_variant_qwen_support/vocab_1gram.txt,1495,-13.682016372680664,1.1428146209728821e-06,6.075946758803055e-05,524,0.936535229588795,1,0.002,9.3145930425751e-05
171,within,1gram,/users/ljohnst7/data/ljohnst7/ngrams/set_variant_qwen_support/vocab_1gram.txt,172,-13.775766372680664,1.0405445535324057e-06,5.532212479083616e-05,562,0.9387499574059976,1,0.002,8.481104172358074e-05
2271,extension,1gram,/users/ljohnst7/data/ljohnst7/ngrams/set_variant_qwen_support/vocab_1gram.txt,2272,-13.775766372680664,1.0405445535324057e-06,5.532212479083616e-05,570,0.9391925344043246,1,0.002,8.481104172358074e-05
19646,wallet,1gram,/users/ljohnst7/data/ljohnst7/ngrams/set_variant_qwen_support/vocab_1gram.txt,19647,-13.822641372680664,9.928945492185545e-07,5.2788740250995155e-05,594,0.9404895572635975,1,0.002,8.092757566536093e-05
61,into,1gram,/users/ljohnst7/data/ljohnst7/ngrams/set_variant_qwen_support/vocab_1gram.txt,62,-13.838266372680664,9.77501146027758e-07,5.197032669110872e-05,596,0.9405936806781221,1,0.002,7.967300986103147e-05
5644,dirty,1gram,/users/ljohnst7/data/ljohnst7/ngrams/set_variant_qwen_support/vocab_1gram.txt,5645,-13.885141372680664,9.327381095322077e-07,4.959043216125237e-05,611,0.9413517173694824,1,0.002,7.602479448313689e-05
8823,fashionable,1gram,/users/ljohnst7/data/ljohnst7/ngrams/set_variant_qwen_support/vocab_1gram.txt,8824,-13.978891372680664,8.492677131831002e-07,4.515260230813397e-05,651,0.9432236393988115,1,0.002,6.922183404468203e-05
11006,duplicate,1gram,/users/ljohnst7/data/ljohnst7/ngrams/set_variant_qwen_support/vocab_1gram.txt,11007,-14.025766372680664,8.103769131117229e-07,4.308491410827719e-05,683,0.9446309737277564,1,0.002,6.605214485464791e-05
1418,standards,1gram,/users/ljohnst7/data/ljohnst7/ngrams/set_variant_qwen_support/vocab_1gram.txt,1419,-14.072641372680664,7.732670524387398e-07,4.1111912244828024e-05,706,0.945597377408094,1,0.002,6.302758756443266e-05
1193,code,1gram,/users/ljohnst7/data/ljohnst7/ngrams/set_variant_qwen_support/vocab_1gram.txt,1194,-14.088266372680664,7.612786579796135e-07,4.047453112351221e-05,714,0.9459250166159857,1,0.002,6.205049602300743e-05
36152,tablecloth,1gram,/users/ljohnst7/data/ljohnst7/ngrams/set_variant_qwen_support/vocab_1gram.txt,36153,-14.096195220947266,7.552664614062616e-07,4.015488360052158e-05,717,0.9460461205618333,1,0.002,6.156048253068875e-05
4793,wedding,1gram,/users/ljohnst7/data/ljohnst7/ngrams/set_variant_qwen_support/vocab_1gram.txt,4794,-14.150766372680664,7.151551157471613e-07,3.8022303248677955e-05,749,0.947294830254736,1,0.002,5.829126566113865e-05
566,test,1gram,/users/ljohnst7/data/ljohnst7/ngrams/set_variant_qwen_support/vocab_1gram.txt,567,-14.244516372680664,6.511561428817279e-07,3.461970107145501e-05,815,0.949700196911267,1,0.002,5.307507822667364e-05
311,least,1gram,/users/ljohnst7/data/ljohnst7/ngrams/set_variant_qwen_support/vocab_1gram.txt,312,-14.291391372680664,6.2133753212453e-07,3.3034349536243024e-05,854,0.9510291899227555,1,0.002,5.064471653194114e-05
511,property,1gram,/users/ljohnst7/data/ljohnst7/ngrams/set_variant_qwen_support/vocab_1gram.txt,512,-14.353891372680664,5.836925940940712e-07,3.103289947589298e-05,890,0.9521881213285185,1,0.002,4.757645425657629e-05
487,market,1gram,/users/ljohnst7/data/ljohnst7/ngrams/set_variant_qwen_support/vocab_1gram.txt,488,-14.447641372680664,5.314581547834423e-07,2.8255776516465593e-05,961,0.9542982344900767,1,0.002,4.3319038993463294e-05
4543,fitted,1gram,/users/ljohnst7/data/ljohnst7/ngrams/set_variant_qwen_support/vocab_1gram.txt,4544,-14.619516372680664,4.4753263582149407e-07,2.3793749381359362e-05,1097,0.9578412115067992,1,0.002,3.647853767580029e-05
3392,med,1gram,/users/ljohnst7/data/ljohnst7/ngrams/set_variant_qwen_support/vocab_1gram.txt,3393,-14.635141372680664,4.4059428540989987e-07,2.342486148894793e-05,1111,0.9581717417828914,1,0.002,3.59130106794994e-05
11184,vaccine,1gram,/users/ljohnst7/data/ljohnst7/ngrams/set_variant_qwen_support/vocab_1gram.txt,11185,-14.635141372680664,4.4059428540989987e-07,2.342486148894793e-05,1116,0.9582888660903364,1,0.002,3.59130106794994e-05
170,form,1gram,/users/ljohnst7/data/ljohnst7/ngrams/set_variant_qwen_support/vocab_1gram.txt,171,-14.650766372680664,4.3376350415099045e-07,2.3061692673214442e-05,1122,0.9584279550922927,1,0.002,3.5356250741744315e-05
51446,carbonated,1gram,/users/ljohnst7/data/ljohnst7/ngrams/set_variant_qwen_support/vocab_1gram.txt,51447,-14.675615310668945,4.231177572667367e-07,2.249569544068557e-05,1146,0.9589763580176988,1,0.002,3.448854123805982e-05
4723,protocol,1gram,/users/ljohnst7/data/ljohnst7/ngrams/set_variant_qwen_support/vocab_1gram.txt,4724,-15.010141372680664,3.0281572865879387e-07,1.6099656158517443e-05,1491,0.9655180324063557,1,0.002,2.4682904407607285e-05
1609,pleasure,1gram,/users/ljohnst7/data/ljohnst7/ngrams/set_variant_qwen_support/vocab_1gram.txt,1610,-15.150766372680664,2.630908643319639e-07,1.3987623671174761e-05,1653,0.9679615768824642,1,0.002,2.1444948420913948e-05
11639,spider,1gram,/users/ljohnst7/data/ljohnst7/ngrams/set_variant_qwen_support/vocab_1gram.txt,11640,-15.182016372680664,2.5499640939764633e-07,1.3557269733450586e-05,1704,0.9686642795286706,1,0.002,2.0785170435063725e-05
1740,garden,1gram,/users/ljohnst7/data/ljohnst7/ngrams/set_variant_qwen_support/vocab_1gram.txt,1741,-15.260141372680664,2.3583312660580672e-07,1.253842482343375e-05,1800,0.9699168112965932,1,0.002,1.922317023653818e-05
925,try,1gram,/users/ljohnst7/data/ljohnst7/ngrams/set_variant_qwen_support/vocab_1gram.txt,926,-15.338266372680664,2.1810998725844735e-07,1.1596147317553307e-05,1894,0.9710519728705848,1,0.002,1.7778551863194697e-05
1798,executive,1gram,/users/ljohnst7/data/ljohnst7/ngrams/set_variant_qwen_support/vocab_1gram.txt,1799,-15.416391372680664,2.0171876286657656e-07,1.0724683084519452e-05,2005,0.9722917951913882,1,0.002,1.644249455985452e-05
3509,welcome,1gram,/users/ljohnst7/data/ljohnst7/ngrams/set_variant_qwen_support/vocab_1gram.txt,3510,-15.432016372680664,1.9859140331928352e-07,1.0558412284721573e-05,2027,0.9725260626012451,1,0.002,1.6187581436151334e-05
1059,relative,1gram,/users/ljohnst7/data/ljohnst7/ngrams/set_variant_qwen_support/vocab_1gram.txt,1060,-15.447641372680664,1.9551252898773867e-07,1.0394719274742523e-05,2055,0.9728205827764829,1,0.002,1.5936620247162785e-05
3937,bent,1gram,/users/ljohnst7/data/ljohnst7/ngrams/set_variant_qwen_support/vocab_1gram.txt,3938,-15.447641372680664,1.9551252898773867e-07,1.0394719274742523e-05,2064,0.9729141352499558,1,0.002,1.5936620247162785e-05
9116,dome,1gram,/users/ljohnst7/data/ljohnst7/ngrams/set_variant_qwen_support/vocab_1gram.txt,9117,-15.478891372680664,1.8949724085143592e-07,1.0074907384132294e-05,2110,0.973385084784603,1,0.002,1.5446309562386383e-05
18892,packaged,1gram,/users/ljohnst7/data/ljohnst7/ngrams/set_variant_qwen_support/vocab_1gram.txt,18893,-15.510141372680664,1.8366702367478004e-07,9.764935070972146e-06,2164,0.9739184002181045,1,0.002,1.4971083692627421e-05
10254,expiration,1gram,/users/ljohnst7/data/ljohnst7/ngrams/set_variant_qwen_support/vocab_1gram.txt,10255,-15.541391372680664,1.7801618342295034e-07,9.464499603289823e-06,2227,0.9745219861240308,1,0.002,1.4510478554719286e-05
3948,seconds,1gram,/users/ljohnst7/data/ljohnst7/ngrams/set_variant_qwen_support/vocab_1gram.txt,3949,-15.728891372680664,1.4758059956496892e-07,7.84634576013411e-06,2514,0.9770021715494296,1,0.002,1.2029639084557005e-05
2704,wage,1gram,/users/ljohnst7/data/ljohnst7/ngrams/set_variant_qwen_support/vocab_1gram.txt,2705,-16.236703872680664,8.881556927168275e-08,4.722014054984112e-06,3526,0.9832235743801839,1,0.002,7.239599001561402e-06
8258,nephew,1gram,/users/ljohnst7/data/ljohnst7/ngrams/set_variant_qwen_support/vocab_1gram.txt,8259,-16.361703872680664,7.83794647835476e-08,4.167162777484404e-06,3838,0.9846064572609154,1,0.002,6.388929129736714e-06
22145,bicycles,1gram,/users/ljohnst7/data/ljohnst7/ngrams/set_variant_qwen_support/vocab_1gram.txt,22146,-16.799203872680664,5.060558593970436e-08,2.690522506667967e-06,4924,0.9882080424874816,1,0.002,4.125012016790561e-06
19559,doubting,1gram,/users/ljohnst7/data/ljohnst7/ngrams/set_variant_qwen_support/vocab_1gram.txt,19560,-17.30242919921875,3.059500124867858e-08,1.6266295098170175e-06,6652,0.9918315413080122,1,0.002,2.4938937336011287e-06
69354,cyc,1gram,/users/ljohnst7/data/ljohnst7/ngrams/set_variant_qwen_support/vocab_1gram.txt,69355,-17.426156997680664,2.7034365129187688e-08,1.4373229058195954e-06,7075,0.9924770604892834,1,0.002,2.2036558458583883e-06
1536,attitude,1gram,/users/ljohnst7/data/ljohnst7/ngrams/set_variant_qwen_support/vocab_1gram.txt,1537,-17.580453872680664,2.3168925535197182e-08,1.231810964149986e-06,7716,0.9933303720733859,1,0.002,1.8885723426816212e-06
83132,bisque,1gram,/users/ljohnst7/data/ljohnst7/ngrams/set_variant_qwen_support/vocab_1gram.txt,83133,-17.702178955078125,2.0513575405274783e-08,1.0906352588404532e-06,8206,0.9938991571288115,1,0.002,1.6721267236358294e-06
3233,circulation,1gram,/users/ljohnst7/data/ljohnst7/ngrams/set_variant_qwen_support/vocab_1gram.txt,3234,-17.897348403930664,1.6876420871654666e-08,8.972604376380267e-07,9021,0.9947041246752034,1,0.002,1.3756511065338178e-06
20441,epinephrine,1gram,/users/ljohnst7/data/ljohnst7/ngrams/set_variant_qwen_support/vocab_1gram.txt,20442,-17.904142379760742,1.6762151487409628e-08,8.911851330165039e-07,9064,0.9947425796735301,1,0.002,1.366336655839914e-06
20619,topographical,1gram,/users/ljohnst7/data/ljohnst7/ngrams/set_variant_qwen_support/vocab_1gram.txt,20620,-18.174251556396484,1.2794485791286797e-08,6.802381860317957e-07,10334,0.99573267356238,1,0.002,1.0429198540671598e-06
