ordering_zero_based,boundary,prefix_length,attained_mass
0,0.6,1,0.6522432897840695
1,0.6,1,0.6522432897840695
2,0.6,1,0.6522432897840695
3,0.6,1,0.6522432897840695
4,0.6,1,0.6522432897840695
5,0.6,1,0.6522432897840695
6,0.6,1,0.6522432897840695
7,0.6,2,0.65995637014789
8,0.6,1,0.6522432897840695
9,0.6,1,0.6522432897840695
10,0.6,1,0.6522432897840695
11,0.6,1,0.6522432897840695
12,0.6,1,0.6522432897840695
13,0.6,1,0.6522432897840695
14,0.6,1,0.6522432897840695
15,0.6,2,0.6533544643642251
16,0.6,3,0.6546358012723189
17,0.6,1,0.6522432897840695
18,0.6,1,0.6522432897840695
19,0.6,2,0.680900859913625
20,0.6,2,0.6890403382109302
21,0.6,1,0.6522432897840695
22,0.6,3,0.6524668245962351
23,0.6,1,0.6522432897840695
24,0.6,1,0.6522432897840695
25,0.6,2,0.6525821788840467
26,0.6,1,0.6522432897840695
27,0.6,2,0.65995637014789
28,0.6,1,0.6522432897840695
29,0.6,3,0.6896168079889633
30,0.6,2,0.6572232287551901
31,0.6,1,0.6522432897840695
32,0.6,1,0.6522432897840695
33,0.6,3,0.6545338303969198
34,0.6,1,0.6522432897840695
35,0.6,2,0.680900859913625
36,0.6,2,0.6523345005479525
37,0.6,1,0.6522432897840695
38,0.6,3,0.6538519177009985
39,0.6,1,0.6522432897840695
40,0.6,3,0.652330698225392
41,0.6,2,0.6641895423473545
42,0.6,3,0.6526125496540862
43,0.6,1,0.6522432897840695
44,0.6,1,0.6522432897840695
45,0.6,1,0.6522432897840695
46,0.6,1,0.6522432897840695
47,0.6,2,0.6532238979092876
48,0.6,1,0.6522432897840695
49,0.6,1,0.6522432897840695
50,0.6,1,0.6522432897840695
51,0.6,1,0.6522432897840695
52,0.6,3,0.6967534185747507
53,0.6,1,0.6522432897840695
54,0.6,1,0.6522432897840695
55,0.6,1,0.6522432897840695
56,0.6,1,0.6522432897840695
57,0.6,1,0.6522432897840695
58,0.6,3,0.6599679662952075
59,0.6,3,0.6532668978300019
60,0.6,3,0.6533219037459714
61,0.6,1,0.6522432897840695
62,0.6,2,0.65995637014789
63,0.6,2,0.65995637014789
64,0.6,1,0.6522432897840695
65,0.6,1,0.6522432897840695
66,0.6,2,0.6535836221750408
67,0.6,1,0.6522432897840695
68,0.6,2,0.652247456946847
69,0.6,2,0.652271545560586
70,0.6,1,0.6522432897840695
71,0.6,2,0.6526650440832938
72,0.6,1,0.6522432897840695
73,0.6,2,0.655263775453552
74,0.6,1,0.6522432897840695
75,0.6,1,0.6522432897840695
76,0.6,1,0.6522432897840695
77,0.6,1,0.6522432897840695
78,0.6,1,0.6522432897840695
79,0.6,3,0.6570273425556826
80,0.6,1,0.6522432897840695
81,0.6,1,0.6522432897840695
82,0.6,1,0.6522432897840695
83,0.6,1,0.6522432897840695
84,0.6,1,0.6522432897840695
85,0.6,1,0.6522432897840695
86,0.6,1,0.6522432897840695
87,0.6,1,0.6522432897840695
88,0.6,1,0.6522432897840695
89,0.6,1,0.6522432897840695
90,0.6,4,0.71776258645706
91,0.6,1,0.6522432897840695
92,0.6,1,0.6522432897840695
93,0.6,1,0.6522432897840695
94,0.6,1,0.6522432897840695
95,0.6,1,0.6522432897840695
96,0.6,1,0.6522432897840695
97,0.6,1,0.6522432897840695
98,0.6,1,0.6522432897840695
99,0.6,1,0.6522432897840695
100,0.6,1,0.6522432897840695
101,0.6,1,0.6522432897840695
102,0.6,1,0.6522432897840695
103,0.6,2,0.6526273014434699
104,0.6,1,0.6522432897840695
105,0.6,1,0.6522432897840695
106,0.6,1,0.6522432897840695
107,0.6,1,0.6522432897840695
108,0.6,1,0.6522432897840695
109,0.6,1,0.6522432897840695
110,0.6,2,0.6529607180143511
111,0.6,1,0.6522432897840695
112,0.6,2,0.680900859913625
113,0.6,2,0.6522445215950337
114,0.6,1,0.6522432897840695
115,0.6,1,0.6522432897840695
116,0.6,1,0.6522432897840695
117,0.6,1,0.6522432897840695
118,0.6,1,0.6522432897840695
119,0.6,1,0.6522432897840695
120,0.6,1,0.6522432897840695
121,0.6,1,0.6522432897840695
122,0.6,1,0.6522432897840695
123,0.6,1,0.6522432897840695
124,0.6,1,0.6522432897840695
125,0.6,1,0.6522432897840695
126,0.6,1,0.6522432897840695
127,0.6,1,0.6522432897840695
128,0.6,1,0.6522432897840695
129,0.6,1,0.6522432897840695
130,0.6,1,0.6522432897840695
131,0.6,1,0.6522432897840695
132,0.6,2,0.6526394912820587
133,0.6,1,0.6522432897840695
134,0.6,3,0.7176979083404859
135,0.6,2,0.6890403382109302
136,0.6,1,0.6522432897840695
137,0.6,1,0.6522432897840695
138,0.6,1,0.6522432897840695
139,0.6,2,0.6522530547191405
140,0.6,1,0.6522432897840695
141,0.6,3,0.6537151765529446
142,0.6,2,0.6572232287551901
143,0.6,2,0.6522536845033443
144,0.6,1,0.6522432897840695
145,0.6,2,0.6522441809692026
146,0.6,1,0.6522432897840695
147,0.6,1,0.6522432897840695
148,0.6,2,0.65231890616322
149,0.6,1,0.6522432897840695
150,0.6,1,0.6522432897840695
151,0.6,7,0.7102984730178507
152,0.6,2,0.65995637014789
153,0.6,1,0.6522432897840695
154,0.6,1,0.6522432897840695
155,0.6,2,0.65995637014789
156,0.6,1,0.6522432897840695
157,0.6,2,0.6525821788840467
158,0.6,1,0.6522432897840695
159,0.6,1,0.6522432897840695
160,0.6,1,0.6522432897840695
161,0.6,2,0.6526394912820587
162,0.6,2,0.6890403382109302
163,0.6,3,0.6809920706775081
164,0.6,1,0.6522432897840695
165,0.6,1,0.6522432897840695
166,0.6,1,0.6522432897840695
167,0.6,1,0.6522432897840695
168,0.6,2,0.6890403382109302
169,0.6,1,0.6522432897840695
170,0.6,1,0.6522432897840695
171,0.6,1,0.6522432897840695
172,0.6,2,0.656121670154426
173,0.6,1,0.6522432897840695
174,0.6,2,0.6890403382109302
175,0.6,1,0.6522432897840695
176,0.6,1,0.6522432897840695
177,0.6,1,0.6522432897840695
178,0.6,1,0.6522432897840695
179,0.6,1,0.6522432897840695
180,0.6,3,0.6574017688769497
181,0.6,2,0.6528764179751197
182,0.6,2,0.6522763241336058
183,0.6,2,0.6523059779641966
184,0.6,2,0.6538600392583378
185,0.6,1,0.6522432897840695
186,0.6,1,0.6522432897840695
187,0.6,1,0.6522432897840695
188,0.6,1,0.6522432897840695
189,0.6,1,0.6522432897840695
190,0.6,1,0.6522432897840695
191,0.6,1,0.6522432897840695
192,0.6,2,0.680900859913625
193,0.6,4,0.6577554086970939
194,0.6,3,0.6655724214555967
195,0.6,1,0.6522432897840695
196,0.6,2,0.6522527542836728
197,0.6,1,0.6522432897840695
198,0.6,1,0.6522432897840695
199,0.6,2,0.6549934732825332
200,0.6,1,0.6522432897840695
201,0.6,3,0.6561596924576747
202,0.6,1,0.6522432897840695
203,0.6,1,0.6522432897840695
204,0.6,1,0.6522432897840695
205,0.6,2,0.6641895423473545
206,0.6,2,0.6641895423473545
207,0.6,1,0.6522432897840695
208,0.6,2,0.6890403382109302
209,0.6,1,0.6522432897840695
210,0.6,1,0.6522432897840695
211,0.6,1,0.6522432897840695
212,0.6,1,0.6522432897840695
213,0.6,1,0.6522432897840695
214,0.6,3,0.6642448644721454
215,0.6,4,0.6817582786233731
216,0.6,1,0.6522432897840695
217,0.6,1,0.6522432897840695
218,0.6,1,0.6522432897840695
219,0.6,1,0.6522432897840695
220,0.6,2,0.6522568470538029
221,0.6,1,0.6522432897840695
222,0.6,2,0.6523345005479525
223,0.6,1,0.6522432897840695
224,0.6,2,0.6525155948258784
225,0.6,1,0.6522432897840695
226,0.6,1,0.6522432897840695
227,0.6,1,0.6522432897840695
228,0.6,1,0.6522432897840695
229,0.6,1,0.6522432897840695
230,0.6,2,0.680900859913625
231,0.6,1,0.6522432897840695
232,0.6,1,0.6522432897840695
233,0.6,1,0.6522432897840695
234,0.6,1,0.6522432897840695
235,0.6,1,0.6522432897840695
236,0.6,1,0.6522432897840695
237,0.6,2,0.6536261688923116
238,0.6,1,0.6522432897840695
239,0.6,1,0.6522432897840695
240,0.6,1,0.6522432897840695
241,0.6,1,0.6522432897840695
242,0.6,1,0.6522432897840695
243,0.6,1,0.6522432897840695
244,0.6,1,0.6522432897840695
245,0.6,1,0.6522432897840695
246,0.6,2,0.6522844016963144
247,0.6,1,0.6522432897840695
248,0.6,1,0.6522432897840695
249,0.6,1,0.6522432897840695
250,0.6,1,0.6522432897840695
251,0.6,2,0.6525242387157846
252,0.6,1,0.6522432897840695
253,0.6,1,0.6522432897840695
254,0.6,2,0.6532550257526033
255,0.6,1,0.6522432897840695
256,0.6,1,0.6522432897840695
257,0.6,1,0.6522432897840695
258,0.6,1,0.6522432897840695
259,0.6,1,0.6522432897840695
260,0.6,1,0.6522432897840695
261,0.6,1,0.6522432897840695
262,0.6,2,0.6529607180143511
263,0.6,3,0.6523423468937126
264,0.6,1,0.6522432897840695
265,0.6,1,0.6522432897840695
266,0.6,2,0.680900859913625
267,0.6,1,0.6522432897840695
268,0.6,1,0.6522432897840695
269,0.6,1,0.6522432897840695
270,0.6,2,0.6526650440832938
271,0.6,1,0.6522432897840695
272,0.6,2,0.6641895423473545
273,0.6,1,0.6522432897840695
274,0.6,1,0.6522432897840695
275,0.6,1,0.6522432897840695
276,0.6,1,0.6522432897840695
277,0.6,1,0.6522432897840695
278,0.6,1,0.6522432897840695
279,0.6,1,0.6522432897840695
280,0.6,1,0.6522432897840695
281,0.6,1,0.6522432897840695
282,0.6,2,0.65995637014789
283,0.6,1,0.6522432897840695
284,0.6,3,0.6809865444966859
285,0.6,1,0.6522432897840695
286,0.6,1,0.6522432897840695
287,0.6,1,0.6522432897840695
288,0.6,1,0.6522432897840695
289,0.6,1,0.6522432897840695
290,0.6,1,0.6522432897840695
291,0.6,2,0.6525929363788443
292,0.6,2,0.6641895423473545
293,0.6,1,0.6522432897840695
294,0.6,2,0.65995637014789
295,0.6,2,0.65995637014789
296,0.6,1,0.6522432897840695
297,0.6,1,0.6522432897840695
298,0.6,2,0.6523237830006786
299,0.6,1,0.6522432897840695
300,0.6,2,0.6523936709106002
301,0.6,1,0.6522432897840695
302,0.6,1,0.6522432897840695
303,0.6,1,0.6522432897840695
304,0.6,1,0.6522432897840695
305,0.6,2,0.6522670835334509
306,0.6,2,0.6522657854795102
307,0.6,1,0.6522432897840695
308,0.6,2,0.6522593894402281
309,0.6,1,0.6522432897840695
310,0.6,1,0.6522432897840695
311,0.6,3,0.6544649274701365
312,0.6,1,0.6522432897840695
313,0.6,2,0.6522884423863776
314,0.6,2,0.680900859913625
315,0.6,1,0.6522432897840695
316,0.6,2,0.6522459803065762
317,0.6,2,0.6528764179751197
318,0.6,2,0.6641895423473545
319,0.6,1,0.6522432897840695
320,0.6,1,0.6522432897840695
321,0.6,1,0.6522432897840695
322,0.6,3,0.6567113604088871
323,0.6,2,0.6641895423473545
324,0.6,1,0.6522432897840695
325,0.6,1,0.6522432897840695
326,0.6,1,0.6522432897840695
327,0.6,1,0.6522432897840695
328,0.6,1,0.6522432897840695
329,0.6,1,0.6522432897840695
330,0.6,1,0.6522432897840695
331,0.6,3,0.6535850594979467
332,0.6,1,0.6522432897840695
333,0.6,1,0.6522432897840695
334,0.6,1,0.6522432897840695
335,0.6,1,0.6522432897840695
336,0.6,2,0.6524690385927564
337,0.6,1,0.6522432897840695
338,0.6,1,0.6522432897840695
339,0.6,1,0.6522432897840695
340,0.6,1,0.6522432897840695
341,0.6,1,0.6522432897840695
342,0.6,4,0.6657134121033987
343,0.6,1,0.6522432897840695
344,0.6,1,0.6522432897840695
345,0.6,1,0.6522432897840695
346,0.6,1,0.6522432897840695
347,0.6,1,0.6522432897840695
348,0.6,1,0.6522432897840695
349,0.6,1,0.6522432897840695
350,0.6,1,0.6522432897840695
351,0.6,3,0.6566304029479738
352,0.6,3,0.6623087267525388
353,0.6,1,0.6522432897840695
354,0.6,3,0.6575754401240523
355,0.6,1,0.6522432897840695
356,0.6,1,0.6522432897840695
357,0.6,2,0.6524038940019413
358,0.6,4,0.6896944616265035
359,0.6,1,0.6522432897840695
360,0.6,1,0.6522432897840695
361,0.6,1,0.6522432897840695
362,0.6,1,0.6522432897840695
363,0.6,2,0.6522443804193284
364,0.6,1,0.6522432897840695
365,0.6,1,0.6522432897840695
366,0.6,1,0.6522432897840695
367,0.6,6,0.6934338683704757
368,0.6,3,0.7009865907742153
369,0.6,2,0.6525242387157846
370,0.6,2,0.6541334614172715
371,0.6,1,0.6522432897840695
372,0.6,1,0.6522432897840695
373,0.6,2,0.6641895423473545
374,0.6,2,0.6572232287551901
375,0.6,2,0.6522558282088929
376,0.6,2,0.6522572774077408
377,0.6,3,0.6890956603357211
378,0.6,2,0.6524191031330523
379,0.6,1,0.6522432897840695
380,0.6,2,0.6566380705011438
381,0.6,1,0.6522432897840695
382,0.6,2,0.6522533646914537
383,0.6,1,0.6522432897840695
384,0.6,3,0.6523195864014061
385,0.6,2,0.65995637014789
386,0.6,1,0.6522432897840695
387,0.6,1,0.6522432897840695
388,0.6,1,0.6522432897840695
389,0.6,1,0.6522432897840695
390,0.6,1,0.6522432897840695
391,0.6,1,0.6522432897840695
392,0.6,2,0.6890403382109302
393,0.6,1,0.6522432897840695
394,0.6,1,0.6522432897840695
395,0.6,3,0.6642415126740456
396,0.6,1,0.6522432897840695
397,0.6,2,0.65995637014789
398,0.6,1,0.6522432897840695
399,0.6,1,0.6522432897840695
400,0.6,1,0.6522432897840695
401,0.6,2,0.65995637014789
402,0.6,1,0.6522432897840695
403,0.6,2,0.6575444072245765
404,0.6,2,0.6523373958883988
405,0.6,1,0.6522432897840695
406,0.6,3,0.6556697190322912
407,0.6,1,0.6522432897840695
408,0.6,1,0.6522432897840695
409,0.6,1,0.6522432897840695
410,0.6,2,0.6641895423473545
411,0.6,2,0.6641895423473545
412,0.6,3,0.6893212871426453
413,0.6,1,0.6522432897840695
414,0.6,1,0.6522432897840695
415,0.6,1,0.6522432897840695
416,0.6,3,0.652867333387794
417,0.6,1,0.6522432897840695
418,0.6,3,0.656774895991644
419,0.6,1,0.6522432897840695
420,0.6,1,0.6522432897840695
421,0.6,1,0.6522432897840695
422,0.6,1,0.6522432897840695
423,0.6,3,0.6550739664991423
424,0.6,2,0.6527363705150441
425,0.6,1,0.6522432897840695
426,0.6,1,0.6522432897840695
427,0.6,1,0.6522432897840695
428,0.6,4,0.6607157734180112
429,0.6,1,0.6522432897840695
430,0.6,2,0.6523533109665379
431,0.6,1,0.6522432897840695
432,0.6,1,0.6522432897840695
433,0.6,1,0.6522432897840695
434,0.6,1,0.6522432897840695
435,0.6,3,0.6600059605800512
436,0.6,1,0.6522432897840695
437,0.6,1,0.6522432897840695
438,0.6,1,0.6522432897840695
439,0.6,2,0.6522667146455585
440,0.6,1,0.6522432897840695
441,0.6,2,0.6522480117981245
442,0.6,2,0.6529834916310163
443,0.6,1,0.6522432897840695
444,0.6,1,0.6522432897840695
445,0.6,1,0.6522432897840695
446,0.6,1,0.6522432897840695
447,0.6,1,0.6522432897840695
448,0.6,2,0.6532238979092876
449,0.6,1,0.6522432897840695
450,0.6,2,0.6530820483618944
451,0.6,1,0.6522432897840695
452,0.6,1,0.6522432897840695
453,0.6,1,0.6522432897840695
454,0.6,4,0.6544933773468025
455,0.6,1,0.6522432897840695
456,0.6,2,0.6524990966974147
457,0.6,1,0.6522432897840695
458,0.6,1,0.6522432897840695
459,0.6,2,0.6522441870445072
460,0.6,1,0.6522432897840695
461,0.6,4,0.6891802227219734
462,0.6,1,0.6522432897840695
463,0.6,2,0.652254014467154
464,0.6,4,0.6726905634757305
465,0.6,1,0.6522432897840695
466,0.6,1,0.6522432897840695
467,0.6,1,0.6522432897840695
468,0.6,1,0.6522432897840695
469,0.6,2,0.6890403382109302
470,0.6,1,0.6522432897840695
471,0.6,1,0.6522432897840695
472,0.6,1,0.6522432897840695
473,0.6,1,0.6522432897840695
474,0.6,1,0.6522432897840695
475,0.6,2,0.6890403382109302
476,0.6,1,0.6522432897840695
477,0.6,1,0.6522432897840695
478,0.6,1,0.6522432897840695
479,0.6,1,0.6522432897840695
480,0.6,1,0.6522432897840695
481,0.6,1,0.6522432897840695
482,0.6,5,0.7001252733068324
483,0.6,1,0.6522432897840695
484,0.6,1,0.6522432897840695
485,0.6,1,0.6522432897840695
486,0.6,2,0.656121670154426
487,0.6,2,0.65995637014789
488,0.6,1,0.6522432897840695
489,0.6,2,0.6523719175779628
490,0.6,1,0.6522432897840695
491,0.6,1,0.6522432897840695
492,0.6,1,0.6522432897840695
493,0.6,2,0.6522863746981779
494,0.6,2,0.655665948447954
495,0.6,1,0.6522432897840695
496,0.6,1,0.6522432897840695
497,0.6,1,0.6522432897840695
498,0.6,1,0.6522432897840695
499,0.6,1,0.6522432897840695
0,0.7,11,0.7099665471420821
1,0.7,4,0.717699124477528
2,0.7,9,0.7258063544175788
3,0.7,8,0.7232700153805511
4,0.7,9,0.7032439688404363
5,0.7,18,0.7138711589621789
6,0.7,25,0.7227604136616317
7,0.7,4,0.7044664989385712
8,0.7,7,0.7266051211859189
9,0.7,4,0.701998326742749
10,0.7,5,0.7056452985877262
11,0.7,6,0.7231859042510455
12,0.7,5,0.7190846637440963
13,0.7,4,0.717733073222521
14,0.7,10,0.7107723539345436
15,0.7,4,0.7020977653543707
16,0.7,15,0.7001610050942085
17,0.7,7,0.7128771908542768
18,0.7,10,0.7122561699906768
19,0.7,3,0.7176979083404857
20,0.7,3,0.7176979083404857
21,0.7,18,0.7068404254151889
22,0.7,11,0.7073098223622851
23,0.7,13,0.7019096230593312
24,0.7,23,0.7003831815500708
25,0.7,7,0.7201361655171428
26,0.7,4,0.7188090829206413
27,0.7,9,0.7145411374288014
28,0.7,8,0.7215592272604794
29,0.7,4,0.7015630605522483
30,0.7,6,0.7085276785539252
31,0.7,7,0.7267706315511248
32,0.7,5,0.7183680064724933
33,0.7,14,0.7082760801416449
34,0.7,3,0.7009865907742152
35,0.7,11,0.7109599605474897
36,0.7,12,0.7033882078052943
37,0.7,11,0.7062159068388307
38,0.7,12,0.7068546231055439
39,0.7,10,0.7163951850770225
40,0.7,8,0.7062116763146271
41,0.7,7,0.717336146804838
42,0.7,9,0.7069182821549438
43,0.7,8,0.704896785174753
44,0.7,10,0.7028826469574017
45,0.7,4,0.7177275201400299
46,0.7,6,0.7235426847798853
47,0.7,11,0.7085297958720941
48,0.7,5,0.7195404066234409
49,0.7,17,0.7016332194326831
50,0.7,6,0.702075717858875
51,0.7,9,0.7003773430696623
52,0.7,6,0.7024382655823875
53,0.7,6,0.7030575355313443
54,0.7,16,0.7074655557203355
55,0.7,8,0.7049358479932408
56,0.7,9,0.7035791642714959
57,0.7,10,0.7241680218141389
58,0.7,14,0.7022177738728446
59,0.7,10,0.7044607271028651
60,0.7,12,0.7249187959127903
61,0.7,13,0.7234858173820682
62,0.7,5,0.7116272262331576
63,0.7,7,0.7031298227409248
64,0.7,16,0.7110062498184851
65,0.7,4,0.7202019789115333
66,0.7,5,0.7024885316827962
67,0.7,6,0.7213172560485956
68,0.7,14,0.7002090758169858
69,0.7,17,0.7025952210874911
70,0.7,7,0.7011580270953386
71,0.7,7,0.7213880367015677
72,0.7,4,0.7229990257809927
73,0.7,12,0.7041857155901448
74,0.7,12,0.7061468104769242
75,0.7,15,0.7137294669252507
76,0.7,8,0.7022225406466706
77,0.7,14,0.7028140989816459
78,0.7,12,0.7077651911423595
79,0.7,14,0.7322026373146966
80,0.7,9,0.7016342096691588
81,0.7,11,0.7135825050739366
82,0.7,3,0.7176979083404857
83,0.7,10,0.7115516002201974
84,0.7,5,0.700994267749159
85,0.7,7,0.7183782706814196
86,0.7,14,0.7001013220518572
87,0.7,6,0.7178062744613475
88,0.7,5,0.7325717159988926
89,0.7,22,0.7367606992318049
90,0.7,4,0.71776258645706
91,0.7,10,0.7183973144519856
92,0.7,6,0.7017568110472278
93,0.7,17,0.7110805602701908
94,0.7,6,0.7254522551678718
95,0.7,12,0.736670135712359
96,0.7,5,0.7186723027940489
97,0.7,8,0.7290219910285801
98,0.7,11,0.7032582931365944
99,0.7,10,0.730454468900871
100,0.7,6,0.7062575600421326
101,0.7,13,0.7117075128192225
102,0.7,5,0.7223828920348069
103,0.7,8,0.7072453371724976
104,0.7,5,0.7013234085876197
105,0.7,19,0.700669710500405
106,0.7,5,0.7178560180372848
107,0.7,15,0.7305726100880694
108,0.7,11,0.7035066474586956
109,0.7,5,0.7176983298367984
110,0.7,20,0.7013350516790803
111,0.7,4,0.7296441609037707
112,0.7,15,0.7096494747142517
113,0.7,24,0.7215308966258167
114,0.7,6,0.7013442753349102
115,0.7,5,0.7052384125622151
116,0.7,5,0.7005893455518752
117,0.7,13,0.7060978335218492
118,0.7,11,0.7102777629124921
119,0.7,9,0.700440017592873
120,0.7,7,0.7241700366523449
121,0.7,10,0.732883371152862
122,0.7,11,0.7295698144242955
123,0.7,18,0.7343958205173505
124,0.7,11,0.7045450302551594
125,0.7,12,0.723739773722315
126,0.7,10,0.7223910082998258
127,0.7,7,0.7209609164190773
128,0.7,16,0.7053154171551993
129,0.7,8,0.7019619788584002
130,0.7,12,0.7007944850195241
131,0.7,12,0.7349771950163799
132,0.7,8,0.7212236944624076
133,0.7,20,0.7193569141772889
134,0.7,3,0.7176979083404859
135,0.7,11,0.7100913479952919
136,0.7,16,0.701905998452116
137,0.7,10,0.705364096918459
138,0.7,14,0.7260744682848326
139,0.7,9,0.710553805845011
140,0.7,6,0.7020231886265463
141,0.7,6,0.7048108341477393
142,0.7,8,0.7347487394797538
143,0.7,13,0.7010565131557848
144,0.7,14,0.7040479975747796
145,0.7,5,0.7017049101896298
146,0.7,6,0.7001014182678911
147,0.7,6,0.7032331089303608
148,0.7,7,0.7005782181254061
149,0.7,13,0.725873694370837
150,0.7,17,0.7054286715528032
151,0.7,7,0.7102984730178507
152,0.7,8,0.701235924107873
153,0.7,6,0.7196703457375068
154,0.7,5,0.7183350440528145
155,0.7,4,0.7006317989451072
156,0.7,8,0.708579238484806
157,0.7,10,0.7066395535046845
158,0.7,6,0.7187857533027554
159,0.7,13,0.7005956755648677
160,0.7,7,0.7023050495840898
161,0.7,9,0.7212385452674633
162,0.7,5,0.7079447926962654
163,0.7,6,0.7228192848033981
164,0.7,16,0.7153519227703071
165,0.7,8,0.73464430575925
166,0.7,11,0.7037307804396884
167,0.7,19,0.7003131114229593
168,0.7,3,0.7176979083404857
169,0.7,7,0.7221815547552995
170,0.7,3,0.7176979083404857
171,0.7,8,0.7009707479278492
172,0.7,5,0.7052489828039721
173,0.7,14,0.7037630807858724
174,0.7,3,0.7176979083404857
175,0.7,4,0.7010176236736911
176,0.7,7,0.7056024281376617
177,0.7,8,0.7014722370685822
178,0.7,3,0.7176979083404857
179,0.7,12,0.7073902622780012
180,0.7,5,0.7019118976676308
181,0.7,16,0.7151071621926017
182,0.7,12,0.7349265367685632
183,0.7,6,0.7298999422725534
184,0.7,5,0.7194515813886162
185,0.7,9,0.7056987977253518
186,0.7,12,0.7021678610703257
187,0.7,5,0.7197117227023246
188,0.7,5,0.7230483558589192
189,0.7,12,0.7119071531303978
190,0.7,6,0.7025761564147859
191,0.7,9,0.7003724869944052
192,0.7,10,0.7250104162619425
193,0.7,10,0.707067350664413
194,0.7,13,0.7072758293003132
195,0.7,7,0.7014746196565878
196,0.7,6,0.72207883394142
197,0.7,6,0.7233531180610282
198,0.7,8,0.7350376602239654
199,0.7,8,0.7258863874920968
200,0.7,10,0.7033371923671004
201,0.7,8,0.7064121261743315
202,0.7,10,0.7056745596449973
203,0.7,12,0.7074212458224973
204,0.7,10,0.7022065261154589
205,0.7,3,0.7009865907742152
206,0.7,4,0.7048649711445717
207,0.7,11,0.7009831359371076
208,0.7,13,0.7237300226620179
209,0.7,8,0.7039027962471844
210,0.7,15,0.717132512851788
211,0.7,11,0.7023606987653803
212,0.7,6,0.7009634277576023
213,0.7,7,0.7071973515746679
214,0.7,7,0.7297972220977808
215,0.7,8,0.7267600884114611
216,0.7,6,0.7231971088156662
217,0.7,12,0.7002367209508837
218,0.7,9,0.7273457490925532
219,0.7,11,0.7095851396650885
220,0.7,17,0.7002877310651727
221,0.7,7,0.7062329984566386
222,0.7,19,0.7174159680277441
223,0.7,10,0.7017390280625924
224,0.7,11,0.7077359805383825
225,0.7,8,0.7052307923496768
226,0.7,8,0.7026210903302197
227,0.7,17,0.7061952294459737
228,0.7,7,0.7314562879281967
229,0.7,11,0.7081027011675456
230,0.7,5,0.7219724902088314
231,0.7,13,0.7096191894545206
232,0.7,9,0.7314126936456051
233,0.7,14,0.7078602247771644
234,0.7,6,0.703054111162726
235,0.7,9,0.7066786252926576
236,0.7,9,0.721542255982124
237,0.7,14,0.707140587869806
238,0.7,5,0.7194960520785173
239,0.7,13,0.7238897477736889
240,0.7,8,0.7040388539971703
241,0.7,8,0.7020177171481393
242,0.7,5,0.718543064953024
243,0.7,5,0.7011473911169156
244,0.7,10,0.7004469747706229
245,0.7,9,0.7144686187157452
246,0.7,12,0.703564974486439
247,0.7,4,0.7200502649451346
248,0.7,18,0.7360637402094623
249,0.7,12,0.701127250416077
250,0.7,17,0.7164349083050102
251,0.7,11,0.7011124047640185
252,0.7,12,0.7071728113446107
253,0.7,5,0.7087075174837959
254,0.7,17,0.7248832010055997
255,0.7,12,0.7066370259850832
256,0.7,8,0.7010087944234614
257,0.7,11,0.7078648059057152
258,0.7,11,0.700045407705602
259,0.7,6,0.7002088666537647
260,0.7,10,0.7310946660779676
261,0.7,5,0.72173421588882
262,0.7,9,0.70609088622069
263,0.7,8,0.7019587537894607
264,0.7,5,0.7006269240611155
265,0.7,5,0.7010490055909966
266,0.7,9,0.7000371622435968
267,0.7,15,0.722454102132168
268,0.7,14,0.7188371788076072
269,0.7,10,0.7199849290176903
270,0.7,11,0.7291504403809905
271,0.7,13,0.7068658590235861
272,0.7,5,0.7140007885785427
273,0.7,9,0.719824682051471
274,0.7,4,0.703736774272679
275,0.7,10,0.7077039525245595
276,0.7,13,0.7012681086922183
277,0.7,11,0.7184824771895545
278,0.7,22,0.7146994621982796
279,0.7,5,0.7257950003637066
280,0.7,9,0.7002189271737713
281,0.7,5,0.70124013628241
282,0.7,10,0.7277465629473522
283,0.7,7,0.7082855893896292
284,0.7,8,0.7020401717635838
285,0.7,5,0.704875046051956
286,0.7,17,0.7195335775541353
287,0.7,5,0.7030351441404757
288,0.7,7,0.7242957394723926
289,0.7,10,0.7126232069439865
290,0.7,13,0.7360325176705355
291,0.7,7,0.7010551721645681
292,0.7,6,0.7018756925860963
293,0.7,8,0.7306018244149057
294,0.7,6,0.7256606908625929
295,0.7,12,0.7361016263816191
296,0.7,7,0.7165606391233548
297,0.7,10,0.7240211457357416
298,0.7,15,0.7228387887640569
299,0.7,5,0.7012850247823251
300,0.7,15,0.726709702363781
301,0.7,12,0.7256554224564725
302,0.7,13,0.7262941207440456
303,0.7,6,0.7010872126235279
304,0.7,8,0.7058643493454569
305,0.7,17,0.7082664746376237
306,0.7,11,0.7262742401181033
307,0.7,10,0.7016490051328386
308,0.7,6,0.7011785068446761
309,0.7,5,0.7012687429820241
310,0.7,16,0.7000798893437299
311,0.7,8,0.7090767997225502
312,0.7,18,0.7113480237068133
313,0.7,13,0.7025028788136382
314,0.7,6,0.7196489032199626
315,0.7,6,0.7221045623204092
316,0.7,10,0.7295124207828618
317,0.7,12,0.7048600444412408
318,0.7,7,0.70562388222619
319,0.7,10,0.7065030343700469
320,0.7,9,0.7268124630453416
321,0.7,7,0.7045296683755746
322,0.7,9,0.7227954767467965
323,0.7,4,0.7053813714912894
324,0.7,4,0.7048649711445718
325,0.7,10,0.7208787304717618
326,0.7,3,0.7009865907742152
327,0.7,6,0.7031642065911172
328,0.7,8,0.7033978933244703
329,0.7,7,0.7069949853161229
330,0.7,11,0.7009702896146414
331,0.7,9,0.7265962550288468
332,0.7,12,0.7050069188071092
333,0.7,6,0.7219413674436265
334,0.7,9,0.7028010723767084
335,0.7,10,0.7064574670380644
336,0.7,8,0.722260200822904
337,0.7,14,0.707407384697222
338,0.7,6,0.7019265519735145
339,0.7,5,0.7193715518493136
340,0.7,4,0.7010512688907895
341,0.7,9,0.7114284940891926
342,0.7,8,0.7072493496497784
343,0.7,17,0.7215115431461062
344,0.7,7,0.7068121230241906
345,0.7,16,0.7075031078404359
346,0.7,20,0.7345348549511863
347,0.7,11,0.700343199886966
348,0.7,3,0.7176979083404857
349,0.7,10,0.705273794266775
350,0.7,6,0.7092834545145077
351,0.7,12,0.7056082976571132
352,0.7,8,0.7337931521977162
353,0.7,7,0.7013637647043575
354,0.7,5,0.7230300586804685
355,0.7,10,0.7033569647063393
356,0.7,6,0.7254274515241061
357,0.7,17,0.7303716026135917
358,0.7,12,0.7278423343832738
359,0.7,9,0.7087524862906063
360,0.7,6,0.725527887370974
361,0.7,9,0.7222881858609891
362,0.7,8,0.7055044524885465
363,0.7,6,0.7178699419753677
364,0.7,14,0.7010504148332773
365,0.7,15,0.7032098905172086
366,0.7,5,0.7178921898714238
367,0.7,8,0.7255140971639157
368,0.7,3,0.7009865907742153
369,0.7,21,0.7003732689916992
370,0.7,7,0.7071236654446635
371,0.7,4,0.7011112611069339
372,0.7,16,0.7219720896951143
373,0.7,5,0.7090385602380128
374,0.7,12,0.7158335487884604
375,0.7,14,0.7273711527623162
376,0.7,7,0.7219552550231866
377,0.7,14,0.7054104761569109
378,0.7,21,0.7355654528384336
379,0.7,8,0.7098960253525335
380,0.7,5,0.7091881457572693
381,0.7,11,0.7000388723492932
382,0.7,9,0.7061523991088089
383,0.7,7,0.7007773930746619
384,0.7,10,0.7062211885785598
385,0.7,12,0.731187603259703
386,0.7,8,0.7184338898925281
387,0.7,9,0.7084433642947245
388,0.7,6,0.7277620059192084
389,0.7,8,0.7209283224312376
390,0.7,20,0.7197110260650205
391,0.7,10,0.7042971015496736
392,0.7,14,0.7020646899060844
393,0.7,9,0.7005115321024019
394,0.7,7,0.722344069571922
395,0.7,4,0.7010385611009063
396,0.7,13,0.7280697665405981
397,0.7,5,0.7006371916544258
398,0.7,23,0.7367580438520401
399,0.7,9,0.7040044499958663
400,0.7,10,0.7011013897540386
401,0.7,19,0.7010956973627791
402,0.7,26,0.7033702206168567
403,0.7,5,0.727393806498067
404,0.7,8,0.7245864132732867
405,0.7,11,0.7037256208225577
406,0.7,9,0.7035067240172834
407,0.7,10,0.7023229913860677
408,0.7,8,0.7062593300777114
409,0.7,11,0.7322826917902421
410,0.7,11,0.7113624798539132
411,0.7,12,0.7064275491345705
412,0.7,15,0.7017427654098086
413,0.7,11,0.707090166857579
414,0.7,8,0.7241935624606959
415,0.7,13,0.7103361227716487
416,0.7,21,0.7019319490587396
417,0.7,15,0.7122047522235139
418,0.7,11,0.7093174017492624
419,0.7,12,0.7011883774948628
420,0.7,15,0.7197172345310011
421,0.7,10,0.708420054865426
422,0.7,13,0.7022015563542916
423,0.7,5,0.703817267489288
424,0.7,12,0.7022238458268361
425,0.7,10,0.7322147239852059
426,0.7,10,0.7050459608434907
427,0.7,9,0.7058525673837105
428,0.7,7,0.727281566554583
429,0.7,3,0.7176979083404857
430,0.7,4,0.7178079295229541
431,0.7,13,0.7072319898467353
432,0.7,10,0.7017532709881424
433,0.7,6,0.7065588605972138
434,0.7,15,0.7003193784970283
435,0.7,15,0.7030926708541324
436,0.7,4,0.7010554402709217
437,0.7,16,0.7344538137133886
438,0.7,10,0.736702250120407
439,0.7,10,0.7081675505509843
440,0.7,8,0.7218490809944516
441,0.7,12,0.7120466042530681
442,0.7,6,0.7018129348625283
443,0.7,7,0.7221199205617248
444,0.7,9,0.7101703837197424
445,0.7,18,0.7212350229195458
446,0.7,9,0.727481021572299
447,0.7,7,0.7201788662969457
448,0.7,6,0.7064597517169928
449,0.7,10,0.7057785006028964
450,0.7,10,0.7025357039112964
451,0.7,4,0.7010419128990062
452,0.7,8,0.7088713388322541
453,0.7,6,0.7232987693387574
454,0.7,10,0.71281220924031
455,0.7,9,0.7129108766401598
456,0.7,8,0.7148686398059525
457,0.7,7,0.7256637910288222
458,0.7,13,0.7310270971904124
459,0.7,6,0.7189270971201801
460,0.7,6,0.7038290184749734
461,0.7,7,0.7013867879758917
462,0.7,5,0.7010535532443315
463,0.7,5,0.70163044364835
464,0.7,5,0.701348133605286
465,0.7,18,0.7185839790895998
466,0.7,11,0.7285083430938838
467,0.7,6,0.7040158990058294
468,0.7,8,0.7216908573323301
469,0.7,10,0.7081679969086496
470,0.7,11,0.7347263662921258
471,0.7,10,0.7000123524639531
472,0.7,3,0.7176979083404857
473,0.7,13,0.702742632338395
474,0.7,14,0.7295763872482467
475,0.7,11,0.7005006463145832
476,0.7,5,0.7037547347369919
477,0.7,9,0.7035963206301316
478,0.7,9,0.7145138229349263
479,0.7,7,0.7017398472009406
480,0.7,8,0.7083596647245751
481,0.7,12,0.7107301621594069
482,0.7,5,0.7001252733068324
483,0.7,8,0.7027053107510933
484,0.7,26,0.7276267107801304
485,0.7,13,0.7104729209058307
486,0.7,13,0.7071809906756996
487,0.7,8,0.7006561067784233
488,0.7,13,0.7110881983459938
489,0.7,8,0.722427378716434
490,0.7,7,0.7233394838177991
491,0.7,10,0.7058891542920083
492,0.7,14,0.7031072256533704
493,0.7,14,0.7226007774024938
494,0.7,10,0.702008988616033
495,0.7,6,0.7229707795958698
496,0.7,12,0.7225621769011363
497,0.7,9,0.7142797572770451
498,0.7,4,0.7005601928407305
499,0.7,3,0.7176979083404857
0,0.8,49,0.8001876595053627
1,0.8,47,0.8025244940902446
2,0.8,48,0.8042413510570848
3,0.8,65,0.8015848107606511
4,0.8,49,0.8005377558497746
5,0.8,53,0.8010910604976438
6,0.8,55,0.8023241423205045
7,0.8,52,0.8036271853413492
8,0.8,58,0.8002023096167664
9,0.8,56,0.8000482815994505
10,0.8,42,0.8001102034225271
11,0.8,48,0.803814339141433
12,0.8,59,0.8000627760483112
13,0.8,74,0.8001471897294453
14,0.8,55,0.8008649513108115
15,0.8,51,0.8009087744308567
16,0.8,59,0.8049081801196148
17,0.8,61,0.8106855571517027
18,0.8,43,0.8001563888489129
19,0.8,58,0.8002829351858973
20,0.8,44,0.8047926066787287
21,0.8,60,0.8010309446677273
22,0.8,36,0.8000660400659748
23,0.8,58,0.8002101945431378
24,0.8,51,0.8087388714411989
25,0.8,74,0.8008997721201054
26,0.8,56,0.8006799399441292
27,0.8,53,0.8003627860006728
28,0.8,42,0.8039072413623156
29,0.8,68,0.8027197905349507
30,0.8,59,0.8068875148827908
31,0.8,60,0.801471929043678
32,0.8,50,0.8009392288248796
33,0.8,60,0.8073698264972242
34,0.8,64,0.8026135459797773
35,0.8,45,0.8003446210126182
36,0.8,61,0.8088703384443061
37,0.8,77,0.8019335926466683
38,0.8,38,0.8017230710148385
39,0.8,39,0.8006267148316728
40,0.8,88,0.8016782561569705
41,0.8,61,0.8012008663281058
42,0.8,53,0.8002560220204694
43,0.8,46,0.8021515151518999
44,0.8,58,0.8000348676048785
45,0.8,59,0.8014632926761379
46,0.8,48,0.8061688155494101
47,0.8,48,0.801060502048436
48,0.8,64,0.8046669624682239
49,0.8,54,0.8001300867789108
50,0.8,62,0.800552148183274
51,0.8,61,0.8048784930015178
52,0.8,45,0.8011255696467746
53,0.8,63,0.8020296266151677
54,0.8,66,0.8029730709011023
55,0.8,55,0.8039725854352502
56,0.8,57,0.8006168136761093
57,0.8,73,0.801312893838664
58,0.8,59,0.8004584429348766
59,0.8,52,0.8005236404239128
60,0.8,65,0.8016312966295696
61,0.8,58,0.8004019331970629
62,0.8,41,0.8001561667829556
63,0.8,85,0.8019988090782676
64,0.8,56,0.801093336516718
65,0.8,55,0.803830315342995
66,0.8,48,0.8004765348353433
67,0.8,73,0.8040375553491016
68,0.8,56,0.800175643148423
69,0.8,75,0.8020769106902803
70,0.8,65,0.8007713386784069
71,0.8,60,0.8034044551719329
72,0.8,43,0.8041611324598598
73,0.8,60,0.8003032704887432
74,0.8,37,0.8012435431840719
75,0.8,63,0.8026964523919711
76,0.8,62,0.8009456258522756
77,0.8,48,0.8024952583764032
78,0.8,44,0.800138481653397
79,0.8,68,0.80009755594211
80,0.8,71,0.8003697084680829
81,0.8,60,0.8002987582076405
82,0.8,40,0.8024700230020358
83,0.8,50,0.8032723318704802
84,0.8,44,0.8027430175180904
85,0.8,72,0.8016633103588229
86,0.8,58,0.8064907224886131
87,0.8,66,0.8012740728982587
88,0.8,49,0.8003113517417981
89,0.8,67,0.8115029237792004
90,0.8,93,0.8006199508262201
91,0.8,50,0.8025621591935264
92,0.8,50,0.8006996435619872
93,0.8,51,0.8015218548087338
94,0.8,48,0.8027320422461126
95,0.8,43,0.8005717156277259
96,0.8,42,0.8026254344892961
97,0.8,47,0.8000022703439719
98,0.8,46,0.8000016043033793
99,0.8,61,0.8009515594437288
100,0.8,50,0.8021406012932891
101,0.8,77,0.8005697318452342
102,0.8,55,0.8018546370466098
103,0.8,76,0.8007338003578
104,0.8,62,0.8047486330220032
105,0.8,59,0.800505298108942
106,0.8,55,0.8014696785843658
107,0.8,53,0.800497237800574
108,0.8,59,0.8011981868787621
109,0.8,56,0.8010855562666427
110,0.8,61,0.8048004268067424
111,0.8,54,0.8003135408209542
112,0.8,54,0.8046836322067353
113,0.8,66,0.8006573935870299
114,0.8,43,0.8003869781358791
115,0.8,67,0.8025724789177814
116,0.8,62,0.8019943234783588
117,0.8,60,0.8027303156653867
118,0.8,66,0.800135242613187
119,0.8,71,0.8001528375241501
120,0.8,58,0.8010970014478231
121,0.8,42,0.8010405314172155
122,0.8,57,0.8002124964009624
123,0.8,53,0.8063077392620837
124,0.8,66,0.8000593271226777
125,0.8,63,0.8002256497495848
126,0.8,60,0.8016534116635636
127,0.8,49,0.8020597067797661
128,0.8,47,0.8007807045196628
129,0.8,46,0.8022981681922836
130,0.8,52,0.8017138680571473
131,0.8,50,0.8027413838612375
132,0.8,53,0.8000711667829066
133,0.8,59,0.8114846387806984
134,0.8,42,0.8000422167906737
135,0.8,63,0.8072713617488543
136,0.8,50,0.8017400889611901
137,0.8,44,0.8015873085782406
138,0.8,54,0.8006752603562031
139,0.8,69,0.8062347117038617
140,0.8,52,0.8035285708018541
141,0.8,70,0.8014745068031076
142,0.8,54,0.8004708173756941
143,0.8,46,0.8005112188571286
144,0.8,48,0.8013919786055929
145,0.8,64,0.8003976106107434
146,0.8,62,0.803615386541712
147,0.8,57,0.8019197080017456
148,0.8,65,0.8000350898382568
149,0.8,44,0.8031943410389129
150,0.8,70,0.8064041607504165
151,0.8,66,0.8003192366614916
152,0.8,59,0.8001678650656902
153,0.8,48,0.802522710042317
154,0.8,52,0.8021114340614665
155,0.8,49,0.8001351906227062
156,0.8,56,0.8000245922210956
157,0.8,71,0.8000357743956955
158,0.8,65,0.8006811650515794
159,0.8,67,0.8007753409195874
160,0.8,40,0.8013091662052317
161,0.8,65,0.8005352633778111
162,0.8,45,0.8032332223433849
163,0.8,53,0.8002397444159859
164,0.8,57,0.8010069904155066
165,0.8,68,0.8042713823459288
166,0.8,46,0.8020546997537518
167,0.8,67,0.8043532888050454
168,0.8,66,0.8006819277508006
169,0.8,57,0.8087159240537998
170,0.8,48,0.8026786337025238
171,0.8,53,0.8107138555106594
172,0.8,67,0.8008337688047263
173,0.8,61,0.8031161841076321
174,0.8,51,0.8005129392247837
175,0.8,57,0.8019143694134873
176,0.8,49,0.8032941058201926
177,0.8,51,0.8001718494020665
178,0.8,71,0.8008230200639489
179,0.8,57,0.8002237767475693
180,0.8,49,0.8010060627556321
181,0.8,50,0.8010989630506611
182,0.8,58,0.8002194170949151
183,0.8,60,0.8002509254573014
184,0.8,49,0.8006358484230179
185,0.8,64,0.8052900383473547
186,0.8,53,0.8006526072057886
187,0.8,52,0.8019697364543398
188,0.8,45,0.8013203268400276
189,0.8,59,0.8016740423852661
190,0.8,56,0.8035632390273905
191,0.8,57,0.8037681222230519
192,0.8,49,0.8021198946195391
193,0.8,54,0.8011072732616095
194,0.8,65,0.8025429927050471
195,0.8,51,0.8016216405831426
196,0.8,48,0.8005899176762568
197,0.8,53,0.8004284284749137
198,0.8,61,0.8013863840966606
199,0.8,47,0.8056964583895414
200,0.8,70,0.8025268258495243
201,0.8,51,0.8004136867225075
202,0.8,69,0.8008411853777639
203,0.8,51,0.800942551327778
204,0.8,63,0.801278680385591
205,0.8,48,0.8003308040534166
206,0.8,36,0.801324555395378
207,0.8,50,0.800250603393562
208,0.8,71,0.8037817359783843
209,0.8,44,0.8000906620714594
210,0.8,68,0.8000455109546176
211,0.8,54,0.8002577408986215
212,0.8,41,0.8002794710654825
213,0.8,69,0.8005621935487048
214,0.8,49,0.8025167419830183
215,0.8,54,0.8026826452870217
216,0.8,64,0.8045458305332394
217,0.8,53,0.8005603391907125
218,0.8,44,0.8098699365344046
219,0.8,53,0.8083503329125079
220,0.8,78,0.8025406956506823
221,0.8,51,0.8008600876077193
222,0.8,59,0.8023382452251137
223,0.8,71,0.8016834504255975
224,0.8,53,0.8017737502767979
225,0.8,59,0.8013597789128959
226,0.8,63,0.8011271015845352
227,0.8,53,0.8011480942407497
228,0.8,67,0.800286341478195
229,0.8,58,0.8002381503763556
230,0.8,53,0.8005668053593583
231,0.8,68,0.8007896548018679
232,0.8,53,0.8007519602012424
233,0.8,53,0.8041938961444792
234,0.8,55,0.8001209018606462
235,0.8,66,0.8001688775418397
236,0.8,49,0.8064160525525293
237,0.8,60,0.8036055200922123
238,0.8,59,0.8021516114561221
239,0.8,57,0.80154813927334
240,0.8,38,0.8005956176168476
241,0.8,55,0.803254125348349
242,0.8,66,0.8010853116074238
243,0.8,61,0.8009033561795968
244,0.8,64,0.8037030595084507
245,0.8,60,0.8067334649117173
246,0.8,62,0.8037848409085886
247,0.8,54,0.8011532227775975
248,0.8,78,0.803311985014681
249,0.8,56,0.8013189756746745
250,0.8,60,0.8015128263333249
251,0.8,63,0.80169078711487
252,0.8,64,0.800001077241159
253,0.8,72,0.8000627921846193
254,0.8,64,0.8011793892116278
255,0.8,60,0.8004401582614229
256,0.8,68,0.809959730223057
257,0.8,50,0.8006851268043251
258,0.8,55,0.8025622808178234
259,0.8,58,0.8017655375245966
260,0.8,43,0.8058732953026445
261,0.8,58,0.8012253423128328
262,0.8,57,0.8028990782567589
263,0.8,44,0.800979186168689
264,0.8,65,0.8017126063688492
265,0.8,64,0.8002810813742455
266,0.8,54,0.8004041901370239
267,0.8,41,0.8004287813921444
268,0.8,54,0.8000869499009868
269,0.8,48,0.8009037617818847
270,0.8,55,0.8012184750794555
271,0.8,54,0.8016657403584345
272,0.8,61,0.8026251523772393
273,0.8,61,0.8003922670413334
274,0.8,55,0.8029689629134912
275,0.8,36,0.8009362452236415
276,0.8,42,0.8012701781886812
277,0.8,57,0.8000469870485416
278,0.8,67,0.8002713276651794
279,0.8,49,0.8027020742542211
280,0.8,53,0.8027838827428818
281,0.8,58,0.8000744401637462
282,0.8,57,0.8026158282103444
283,0.8,63,0.8022084941628038
284,0.8,46,0.8027171623180259
285,0.8,58,0.8012780813841209
286,0.8,59,0.8008963866372607
287,0.8,58,0.8009498544926513
288,0.8,61,0.8003382760211516
289,0.8,52,0.8071455574556121
290,0.8,61,0.8021887901856596
291,0.8,53,0.8014394149382266
292,0.8,58,0.8008162386988883
293,0.8,42,0.801126444358183
294,0.8,63,0.8068175676710314
295,0.8,42,0.8009307598437452
296,0.8,43,0.8005776052396252
297,0.8,59,0.8002697432088275
298,0.8,46,0.8008680145486727
299,0.8,55,0.8071338673902096
300,0.8,49,0.8003597262376704
301,0.8,59,0.8026948702418965
302,0.8,52,0.8023033282569008
303,0.8,55,0.8004659064570506
304,0.8,75,0.8043951595158316
305,0.8,61,0.8001186219070654
306,0.8,39,0.8008711088280405
307,0.8,69,0.8042903989111996
308,0.8,56,0.8006297138614993
309,0.8,83,0.800239327827273
310,0.8,74,0.804570364184447
311,0.8,41,0.8003189919359218
312,0.8,59,0.8024742695888285
313,0.8,63,0.8085078017187153
314,0.8,65,0.8018784754968875
315,0.8,45,0.8003067733976132
316,0.8,70,0.8107951439962282
317,0.8,60,0.8017546457615808
318,0.8,67,0.804459079845607
319,0.8,65,0.8006176877735972
320,0.8,65,0.8022488952823499
321,0.8,48,0.8003029132315131
322,0.8,50,0.8006870684274315
323,0.8,79,0.8116315041263005
324,0.8,76,0.8010172606338721
325,0.8,47,0.803201429207572
326,0.8,74,0.8000668477879289
327,0.8,56,0.8007545783381302
328,0.8,70,0.8041764971657659
329,0.8,40,0.8021662916903667
330,0.8,59,0.802277023977702
331,0.8,45,0.8067867023908262
332,0.8,44,0.8016641789150277
333,0.8,66,0.8002963102740361
334,0.8,76,0.8000745432557056
335,0.8,56,0.8008592182152584
336,0.8,47,0.8013765908155159
337,0.8,68,0.8000782209801901
338,0.8,75,0.8000466568033389
339,0.8,48,0.8006993639027853
340,0.8,56,0.8022120788957777
341,0.8,54,0.8044615510955558
342,0.8,59,0.8012784976469318
343,0.8,43,0.8004148124156152
344,0.8,47,0.8026058653640908
345,0.8,63,0.8003261850130226
346,0.8,68,0.8026793108725826
347,0.8,54,0.8003564407401852
348,0.8,50,0.8009265070335152
349,0.8,61,0.801089184826331
350,0.8,64,0.803315322828558
351,0.8,62,0.8024161027230304
352,0.8,46,0.8063832646595777
353,0.8,45,0.8004654540192173
354,0.8,69,0.801609939661478
355,0.8,53,0.8000317815235453
356,0.8,69,0.8021820519809385
357,0.8,68,0.8025117018219317
358,0.8,63,0.8036179612253913
359,0.8,56,0.801686564331072
360,0.8,62,0.8027690016162863
361,0.8,56,0.8019874013061584
362,0.8,64,0.8005755691123932
363,0.8,59,0.8010411688850324
364,0.8,72,0.8003884966652608
365,0.8,63,0.8027852490918119
366,0.8,55,0.8015524312791729
367,0.8,76,0.8001056156224633
368,0.8,57,0.8003627586756835
369,0.8,45,0.800717582631823
370,0.8,41,0.8038164689385824
371,0.8,69,0.8004713073114105
372,0.8,45,0.803870389984654
373,0.8,49,0.8023300309624328
374,0.8,56,0.8002127978003055
375,0.8,68,0.8033755038287516
376,0.8,65,0.8005831403783755
377,0.8,48,0.8008136051846524
378,0.8,58,0.8049020743282582
379,0.8,57,0.8043481757203075
380,0.8,48,0.8026900799571313
381,0.8,49,0.8002705618117639
382,0.8,47,0.8006484601218036
383,0.8,53,0.8028117512407832
384,0.8,75,0.810220518606896
385,0.8,59,0.8021088661185396
386,0.8,56,0.8000818898555904
387,0.8,48,0.8021893965012492
388,0.8,54,0.8043454502949936
389,0.8,64,0.8005610851252757
390,0.8,57,0.8116155911133762
391,0.8,49,0.8002508113920785
392,0.8,52,0.8026389318949709
393,0.8,67,0.8076900919912818
394,0.8,49,0.8004795986870699
395,0.8,63,0.8023868105986408
396,0.8,47,0.8014844359138887
397,0.8,49,0.8005267881268257
398,0.8,68,0.8004558856550815
399,0.8,48,0.8023844548441307
400,0.8,62,0.8009799683499048
401,0.8,76,0.8031538237961063
402,0.8,67,0.8013839415063997
403,0.8,51,0.8003817121947494
404,0.8,57,0.8060492138564098
405,0.8,58,0.8036798940092971
406,0.8,68,0.8062762734746829
407,0.8,48,0.8012762146567669
408,0.8,48,0.8014167364627096
409,0.8,49,0.802164213672
410,0.8,60,0.8024514323585237
411,0.8,57,0.8002635796781519
412,0.8,62,0.800088948930377
413,0.8,45,0.8007261395668277
414,0.8,41,0.803229421056429
415,0.8,51,0.8018197077876014
416,0.8,60,0.8001686122826399
417,0.8,81,0.8001869013187726
418,0.8,53,0.8004198191137121
419,0.8,57,0.801855418261872
420,0.8,47,0.8003252247660954
421,0.8,52,0.8012152554892382
422,0.8,53,0.8019525562144972
423,0.8,53,0.8001475940120295
424,0.8,77,0.8041909150249814
425,0.8,64,0.8002997329732178
426,0.8,47,0.8023337122777829
427,0.8,69,0.8007171862160463
428,0.8,55,0.8003111796870659
429,0.8,61,0.8004321527991156
430,0.8,69,0.8015076546188675
431,0.8,62,0.8018488793668878
432,0.8,80,0.8037199816378484
433,0.8,63,0.801095773439881
434,0.8,66,0.8022660518160918
435,0.8,50,0.8011038209968766
436,0.8,47,0.8014126318829792
437,0.8,57,0.803826307959772
438,0.8,51,0.8001391445420579
439,0.8,58,0.8074917399407161
440,0.8,72,0.8010216518527976
441,0.8,56,0.8014899108317622
442,0.8,72,0.800550510450594
443,0.8,64,0.8006444431047107
444,0.8,47,0.8034245764189321
445,0.8,39,0.8026392363800436
446,0.8,69,0.800757770101754
447,0.8,52,0.8026043281541074
448,0.8,63,0.8058334471130779
449,0.8,49,0.8070540069549782
450,0.8,44,0.8009064826422053
451,0.8,59,0.8010098078247369
452,0.8,64,0.8024207792324853
453,0.8,66,0.8058225055793302
454,0.8,52,0.8005163920885712
455,0.8,75,0.8008305439752902
456,0.8,51,0.8001071412362956
457,0.8,55,0.8007882874081238
458,0.8,60,0.8047798010424305
459,0.8,50,0.8000858303131128
460,0.8,53,0.8048631063101143
461,0.8,46,0.8007210729710824
462,0.8,47,0.8020316839737933
463,0.8,46,0.8034468474660998
464,0.8,52,0.8003986640793765
465,0.8,52,0.8007638187921287
466,0.8,53,0.800549360779978
467,0.8,45,0.8001059525152989
468,0.8,48,0.8000002147497308
469,0.8,56,0.8002629618087923
470,0.8,56,0.802518230348515
471,0.8,56,0.8042430805119772
472,0.8,58,0.8016316796371594
473,0.8,82,0.800051928184196
474,0.8,59,0.8023453594981463
475,0.8,71,0.8030880441612257
476,0.8,61,0.8024904588249762
477,0.8,57,0.8024979750822947
478,0.8,54,0.8005001609796097
479,0.8,45,0.8030418759956922
480,0.8,46,0.802480473670966
481,0.8,51,0.8036078977566502
482,0.8,53,0.8001439330023934
483,0.8,39,0.8004789973953765
484,0.8,77,0.8033229214289777
485,0.8,65,0.8025935956875806
486,0.8,50,0.801503053464987
487,0.8,45,0.8005021561878299
488,0.8,47,0.8013442689618295
489,0.8,51,0.8053782569459622
490,0.8,81,0.801989627824504
491,0.8,58,0.8035900140538528
492,0.8,59,0.8014772639748274
493,0.8,52,0.8011776952297059
494,0.8,60,0.80428092273458
495,0.8,50,0.8011857924578738
496,0.8,55,0.803046907511708
497,0.8,61,0.8003329969703303
498,0.8,60,0.8081830087805031
499,0.8,52,0.8000567492997835
0,0.9,438,0.9001090348145409
1,0.9,431,0.9000621851813122
2,0.9,413,0.9004840575063681
3,0.9,394,0.9001799886054563
4,0.9,413,0.9000669301571789
5,0.9,447,0.9000257254389719
6,0.9,437,0.9000748219901913
7,0.9,391,0.9000803886207942
8,0.9,411,0.9003745629467292
9,0.9,414,0.9002062687528112
10,0.9,411,0.9000939049013053
11,0.9,411,0.900006016582449
12,0.9,406,0.9001471124484395
13,0.9,424,0.900177973545938
14,0.9,420,0.9000036881300375
15,0.9,435,0.9005089059216517
16,0.9,400,0.9002474200045265
17,0.9,443,0.900343141851045
18,0.9,402,0.9000576001279984
19,0.9,450,0.9003240417282208
20,0.9,410,0.9001813211406418
21,0.9,412,0.9000159527097721
22,0.9,436,0.9001427871475632
23,0.9,406,0.9001913339526594
24,0.9,439,0.9000113378094222
25,0.9,401,0.9000864721310293
26,0.9,423,0.9000482422371429
27,0.9,407,0.9000718968613006
28,0.9,432,0.9004851626855225
29,0.9,426,0.9000481108579128
30,0.9,459,0.9001775666546262
31,0.9,444,0.9005069060142397
32,0.9,459,0.900000809917595
33,0.9,407,0.9002920444189672
34,0.9,447,0.9005509573926628
35,0.9,424,0.9001720010244992
36,0.9,426,0.90026341263587
37,0.9,425,0.9002416004223391
38,0.9,401,0.9001615286591678
39,0.9,438,0.9002972094867172
40,0.9,408,0.9000828808299659
41,0.9,475,0.9003495801740785
42,0.9,415,0.9000705918868452
43,0.9,399,0.9000145805139983
44,0.9,443,0.9000244752723907
45,0.9,415,0.9003412788319758
46,0.9,425,0.9002939505731483
47,0.9,439,0.9002143466197343
48,0.9,417,0.9000341169139968
49,0.9,419,0.9002122553250617
50,0.9,392,0.9000049180443273
51,0.9,425,0.900268933989933
52,0.9,444,0.9000114684435075
53,0.9,453,0.9004637517685671
54,0.9,434,0.9000214572167796
55,0.9,427,0.9001181188311971
56,0.9,505,0.9001279023911342
57,0.9,417,0.9002631801523389
58,0.9,408,0.9000258699599426
59,0.9,442,0.9000676190128305
60,0.9,394,0.9000228137971008
61,0.9,421,0.9002679213550493
62,0.9,412,0.9004937834336216
63,0.9,412,0.9001255372692161
64,0.9,412,0.9002312861561814
65,0.9,453,0.9000825369827095
66,0.9,471,0.9000070217730346
67,0.9,406,0.9000312787054617
68,0.9,417,0.9001385575263866
69,0.9,454,0.9011760148150573
70,0.9,387,0.9000633553007092
71,0.9,433,0.9000675740583683
72,0.9,405,0.9002095769176555
73,0.9,425,0.9000011992627853
74,0.9,460,0.9007037585467833
75,0.9,436,0.9003012168058399
76,0.9,471,0.9003929142559682
77,0.9,448,0.900556738926172
78,0.9,420,0.9000567784968113
79,0.9,418,0.9002473035198433
80,0.9,417,0.900089925471581
81,0.9,426,0.9001514654978933
82,0.9,424,0.9001456560227106
83,0.9,473,0.9001127137584268
84,0.9,448,0.9006119063315913
85,0.9,444,0.9000729532575228
86,0.9,401,0.9000698067192237
87,0.9,446,0.900055395000803
88,0.9,444,0.9000033968468415
89,0.9,448,0.900302814397837
90,0.9,434,0.9006196500189624
91,0.9,408,0.9002288291996415
92,0.9,425,0.9002361660203027
93,0.9,393,0.9004694678031119
94,0.9,421,0.9000548839524593
95,0.9,475,0.9000584362088212
96,0.9,455,0.9001689985691408
97,0.9,441,0.9006311655596352
98,0.9,427,0.9000132300395177
99,0.9,393,0.9000867633933
100,0.9,390,0.9006587651144378
101,0.9,440,0.9000213533903977
102,0.9,445,0.9000803292513686
103,0.9,444,0.9000812572358518
104,0.9,415,0.9004161289236969
105,0.9,464,0.9006013812302804
106,0.9,416,0.900119068854319
107,0.9,414,0.9002363761468799
108,0.9,417,0.90033110056997
109,0.9,425,0.9000049296735606
110,0.9,447,0.9001715675823646
111,0.9,427,0.9000484579783458
112,0.9,442,0.9000363464317045
113,0.9,464,0.9000187530976738
114,0.9,432,0.9000858260689613
115,0.9,396,0.9003640557473258
116,0.9,431,0.9001749547149979
117,0.9,414,0.9001501484803021
118,0.9,413,0.9003181144328413
119,0.9,435,0.9003137364382011
120,0.9,437,0.9003119016811474
121,0.9,437,0.9005562784236614
122,0.9,466,0.9001477046921124
123,0.9,425,0.9000163166500805
124,0.9,467,0.9000482847437831
125,0.9,415,0.9000193545199701
126,0.9,426,0.9000146977627009
127,0.9,411,0.9006811260841894
128,0.9,439,0.9000181105875772
129,0.9,451,0.900048662470043
130,0.9,425,0.900365554098699
131,0.9,412,0.9003425919251584
132,0.9,401,0.900045752750049
133,0.9,454,0.9001432944255873
134,0.9,450,0.9001009092782712
135,0.9,439,0.9006569789281198
136,0.9,463,0.9004125110305145
137,0.9,410,0.9004475628678754
138,0.9,380,0.9001602836005446
139,0.9,410,0.9002114970531905
140,0.9,441,0.9002893778490412
141,0.9,430,0.9004001824784715
142,0.9,446,0.9000980850563265
143,0.9,434,0.9003683192117928
144,0.9,417,0.900101032643676
145,0.9,404,0.9004197115884107
146,0.9,462,0.9002984533586018
147,0.9,457,0.9000467781128885
148,0.9,426,0.9002612271258306
149,0.9,444,0.9006313768234335
150,0.9,425,0.9001549918034522
151,0.9,416,0.9000478669642631
152,0.9,394,0.9000168319035956
153,0.9,417,0.9000612491141448
154,0.9,406,0.9001544761251402
155,0.9,457,0.9000578545199917
156,0.9,429,0.9002325123173852
157,0.9,440,0.9001585518316921
158,0.9,434,0.9000756090341923
159,0.9,413,0.9000154668371727
160,0.9,422,0.9002120764553169
161,0.9,427,0.900511042733841
162,0.9,456,0.9000365303580423
163,0.9,418,0.9000449421467052
164,0.9,381,0.9000073772032728
165,0.9,447,0.9003093921704486
166,0.9,454,0.9000403260882475
167,0.9,437,0.9002058948993694
168,0.9,417,0.9006188028737511
169,0.9,425,0.9000175118475763
170,0.9,424,0.9001183680759867
171,0.9,458,0.9003138937247164
172,0.9,411,0.9000072340648503
173,0.9,430,0.9002425021764555
174,0.9,456,0.9003570922742189
175,0.9,417,0.9000582714616031
176,0.9,426,0.9000590499208304
177,0.9,403,0.9000072082938618
178,0.9,408,0.9001241145878102
179,0.9,448,0.9008448801642226
180,0.9,434,0.9000469206999249
181,0.9,454,0.9000187472350436
182,0.9,455,0.9000019930805588
183,0.9,381,0.9000136142183964
184,0.9,440,0.9006567615981933
185,0.9,456,0.9003038023316906
186,0.9,411,0.9001548323863924
187,0.9,454,0.9000806164279848
188,0.9,435,0.9002483805935326
189,0.9,438,0.9002616727106028
190,0.9,430,0.9001795506305925
191,0.9,485,0.9001275687469565
192,0.9,431,0.9000003682389515
193,0.9,443,0.9000881289787098
194,0.9,438,0.9002624519322605
195,0.9,423,0.9005434726806613
196,0.9,402,0.9001826249508611
197,0.9,435,0.9000065169827828
198,0.9,414,0.9000933363614965
199,0.9,421,0.9002031403193902
200,0.9,393,0.9000664417730015
201,0.9,417,0.9002012128278319
202,0.9,457,0.9001105962929868
203,0.9,424,0.9000618960509553
204,0.9,424,0.900047879406598
205,0.9,443,0.9001080907928363
206,0.9,437,0.9000947103454828
207,0.9,430,0.9009190925225052
208,0.9,422,0.9000314870145107
209,0.9,409,0.9000515050228881
210,0.9,433,0.9000562166351878
211,0.9,425,0.9001333877009946
212,0.9,433,0.9001416568214159
213,0.9,407,0.9000015127296029
214,0.9,409,0.9000039491585403
215,0.9,393,0.9000205002292467
216,0.9,486,0.9002010232978062
217,0.9,424,0.9003490170626646
218,0.9,421,0.900141688748012
219,0.9,457,0.9000598808026182
220,0.9,431,0.9001078708659451
221,0.9,470,0.9001540252929531
222,0.9,408,0.9001345332886113
223,0.9,448,0.9000694155426947
224,0.9,383,0.9004506790632203
225,0.9,451,0.9000457124582238
226,0.9,455,0.9003023000100889
227,0.9,410,0.9002145742713912
228,0.9,412,0.90023005721866
229,0.9,413,0.900071421607764
230,0.9,428,0.9000669840125884
231,0.9,426,0.9003573732482583
232,0.9,441,0.9000128399685478
233,0.9,470,0.9003903290115441
234,0.9,406,0.9003445340329823
235,0.9,478,0.9003331828737402
236,0.9,412,0.9000416739791463
237,0.9,448,0.9002751528805993
238,0.9,428,0.9002111775358227
239,0.9,423,0.9001480630145948
240,0.9,411,0.9000315794467451
241,0.9,435,0.9000677357381311
242,0.9,436,0.9003272031825003
243,0.9,436,0.900860249559437
244,0.9,438,0.9000365934516426
245,0.9,410,0.9001500440188412
246,0.9,440,0.9003478611030762
247,0.9,432,0.9007732261422238
248,0.9,422,0.900163290141273
249,0.9,435,0.9001953254277684
250,0.9,444,0.9001205283912992
251,0.9,428,0.9000077427467751
252,0.9,453,0.9001040901326334
253,0.9,413,0.9000134912502028
254,0.9,498,0.9006362884170207
255,0.9,413,0.9001985487053871
256,0.9,440,0.9000121742990517
257,0.9,417,0.9000622744136317
258,0.9,413,0.9002846445945162
259,0.9,427,0.9005035605816972
260,0.9,433,0.9007598325256367
261,0.9,453,0.9000220888093812
262,0.9,399,0.9001570197740018
263,0.9,457,0.9002028709823063
264,0.9,387,0.9001103526623588
265,0.9,448,0.9001282900123041
266,0.9,414,0.9003324098301448
267,0.9,388,0.900086219818834
268,0.9,438,0.900476157965625
269,0.9,452,0.9000687055117991
270,0.9,427,0.9001196582061882
271,0.9,423,0.9000561539370827
272,0.9,432,0.9001857545551832
273,0.9,432,0.9000589939740473
274,0.9,416,0.9000685820107488
275,0.9,430,0.9000401389132491
276,0.9,453,0.9000311893763078
277,0.9,427,0.900037752516774
278,0.9,467,0.9000294842688413
279,0.9,445,0.9000128305455729
280,0.9,451,0.9000726455247989
281,0.9,451,0.9000486852828969
282,0.9,402,0.9001654777682467
283,0.9,405,0.9000088517377843
284,0.9,442,0.9001166852125915
285,0.9,437,0.9000170459891973
286,0.9,397,0.9000328845185547
287,0.9,405,0.9001545570830399
288,0.9,381,0.9000981525868283
289,0.9,410,0.9002843018242779
290,0.9,435,0.9006246125526949
291,0.9,432,0.9004598165762242
292,0.9,451,0.9003056970890005
293,0.9,464,0.9001504893065201
294,0.9,445,0.900137560155996
295,0.9,471,0.9001331645643669
296,0.9,405,0.9000548551523145
297,0.9,434,0.9002359362980691
298,0.9,412,0.9000029302076477
299,0.9,458,0.9000671405585573
300,0.9,405,0.9000226985930618
301,0.9,486,0.9000879511377864
302,0.9,420,0.9000619589936362
303,0.9,450,0.9005538200682723
304,0.9,420,0.9010684500484352
305,0.9,432,0.9002737636978361
306,0.9,428,0.9000247050582705
307,0.9,420,0.9001514386718917
308,0.9,439,0.900028157207236
309,0.9,438,0.9000806627882588
310,0.9,435,0.9002832283483312
311,0.9,423,0.9000976202729002
312,0.9,407,0.900135278004373
313,0.9,418,0.900074424553209
314,0.9,420,0.9000130932136151
315,0.9,436,0.9001433659793056
316,0.9,406,0.9000087123433692
317,0.9,419,0.9003304323843773
318,0.9,477,0.9000588705028066
319,0.9,442,0.9003173595461882
320,0.9,425,0.9007776442620747
321,0.9,438,0.9000865417161135
322,0.9,412,0.9001559860976334
323,0.9,428,0.9001662407824995
324,0.9,470,0.9004543232674088
325,0.9,417,0.9001236135440697
326,0.9,437,0.9004809144328354
327,0.9,434,0.9002278584112929
328,0.9,416,0.9002882658319782
329,0.9,443,0.9004144819224318
330,0.9,441,0.9003174077611646
331,0.9,430,0.9007719236923103
332,0.9,412,0.9005552304261499
333,0.9,433,0.9000967175055887
334,0.9,429,0.9000840943461061
335,0.9,432,0.9006828999856977
336,0.9,400,0.9000928355024231
337,0.9,379,0.9003882032281493
338,0.9,406,0.9000220268277099
339,0.9,406,0.9009637973346842
340,0.9,444,0.9000022779908359
341,0.9,418,0.9000894286173148
342,0.9,485,0.9002659382283537
343,0.9,439,0.9000694744866631
344,0.9,448,0.9001844667116091
345,0.9,421,0.9003453357204267
346,0.9,385,0.9001473856553122
347,0.9,441,0.900178903548698
348,0.9,453,0.9001783551046376
349,0.9,442,0.9000262037380872
350,0.9,404,0.9000308178838143
351,0.9,428,0.9006970806022384
352,0.9,462,0.9000122671230717
353,0.9,424,0.9001109540636222
354,0.9,455,0.9000784666538947
355,0.9,418,0.9002716099216395
356,0.9,414,0.900078823562758
357,0.9,463,0.9002538883952528
358,0.9,385,0.9002895160677973
359,0.9,445,0.9000738396811919
360,0.9,446,0.9002208753882038
361,0.9,397,0.9001064343847214
362,0.9,431,0.9000753853905212
363,0.9,410,0.9000247532441484
364,0.9,444,0.9008564287001545
365,0.9,439,0.9011030252476714
366,0.9,408,0.9001013216892911
367,0.9,412,0.900000177775746
368,0.9,418,0.900388792896535
369,0.9,384,0.9001772505642135
370,0.9,402,0.9002490083614716
371,0.9,446,0.9000135882840046
372,0.9,413,0.9001889705197542
373,0.9,398,0.9004462436115526
374,0.9,450,0.9000992960016984
375,0.9,426,0.9000803286525372
376,0.9,420,0.9003725023593644
377,0.9,439,0.9000571470657054
378,0.9,456,0.9000272353891574
379,0.9,443,0.9004188756301222
380,0.9,426,0.9003210108739423
381,0.9,406,0.9001526261189609
382,0.9,414,0.900188353013595
383,0.9,384,0.9002957718576631
384,0.9,407,0.9000206960251033
385,0.9,451,0.9000081367751456
386,0.9,474,0.9000521409065526
387,0.9,413,0.9001278344456799
388,0.9,411,0.9000893924325511
389,0.9,415,0.9000584273259021
390,0.9,488,0.9001672479481799
391,0.9,407,0.9000800404582129
392,0.9,412,0.9000282567072189
393,0.9,408,0.900217539500749
394,0.9,440,0.900038483653681
395,0.9,438,0.9000390248372554
396,0.9,416,0.9000212518075287
397,0.9,442,0.9000306225722184
398,0.9,435,0.9001401189850378
399,0.9,426,0.9002078678755155
400,0.9,427,0.9000089590195093
401,0.9,443,0.9005077005450942
402,0.9,408,0.900055473901703
403,0.9,403,0.9001297376535422
404,0.9,440,0.9000229533657268
405,0.9,403,0.9000177394568338
406,0.9,404,0.90022581761187
407,0.9,417,0.9005954829703827
408,0.9,467,0.9002124800375807
409,0.9,427,0.9000989292935275
410,0.9,435,0.9000035155032132
411,0.9,437,0.9000334328284784
412,0.9,417,0.9000634988977556
413,0.9,420,0.9002318441826135
414,0.9,447,0.9000039160297709
415,0.9,415,0.9000009425554613
416,0.9,406,0.9003954674439348
417,0.9,416,0.9003451268483685
418,0.9,451,0.9000349489492208
419,0.9,482,0.90017077769848
420,0.9,420,0.9000856676858112
421,0.9,412,0.9000724262892779
422,0.9,469,0.9011293318632947
423,0.9,418,0.9001445010227923
424,0.9,459,0.9006843694248285
425,0.9,464,0.9005131532452038
426,0.9,463,0.9002400089396188
427,0.9,455,0.9001497243218929
428,0.9,418,0.9000800376530211
429,0.9,438,0.9001371376889088
430,0.9,427,0.9000007251864801
431,0.9,406,0.9000515357028552
432,0.9,468,0.9006120355074675
433,0.9,416,0.900118761196018
434,0.9,439,0.9001321107313913
435,0.9,434,0.9000360163319898
436,0.9,463,0.9002477959849194
437,0.9,457,0.900434087611014
438,0.9,405,0.9000941233860831
439,0.9,459,0.9009002288925677
440,0.9,445,0.900147345398375
441,0.9,448,0.9000138937184419
442,0.9,403,0.9001301132671972
443,0.9,429,0.9000987196023443
444,0.9,441,0.90006846241712
445,0.9,397,0.9000593309579861
446,0.9,429,0.9000611906403649
447,0.9,403,0.9000124995174457
448,0.9,429,0.9000112448410159
449,0.9,455,0.9000536601127404
450,0.9,419,0.9000367222248111
451,0.9,424,0.9001258384035251
452,0.9,421,0.9000085669644543
453,0.9,451,0.9002412004618752
454,0.9,460,0.9000043718287886
455,0.9,418,0.9000598062805453
456,0.9,433,0.9000786415280166
457,0.9,397,0.900222362167686
458,0.9,435,0.9001029312316784
459,0.9,418,0.9001872724960838
460,0.9,419,0.9001908828282572
461,0.9,404,0.9000481082438044
462,0.9,458,0.900278953674021
463,0.9,470,0.9003515536302963
464,0.9,405,0.9003837905120532
465,0.9,426,0.9000340101860369
466,0.9,438,0.9000061529864348
467,0.9,469,0.9000396379792791
468,0.9,445,0.900030608997952
469,0.9,464,0.9000109762550275
470,0.9,436,0.9000907029466796
471,0.9,465,0.9001305113337106
472,0.9,397,0.9000381107504412
473,0.9,428,0.9004291519939336
474,0.9,437,0.9001123073130912
475,0.9,444,0.9000087102667678
476,0.9,427,0.9004084559858907
477,0.9,413,0.9000328810751443
478,0.9,420,0.9003630907803652
479,0.9,447,0.9000230673123524
480,0.9,447,0.9002134579787779
481,0.9,437,0.9001269305882965
482,0.9,466,0.9001817704468142
483,0.9,413,0.9000431357312848
484,0.9,437,0.9000299671127812
485,0.9,399,0.9002410438997904
486,0.9,410,0.9001781708705213
487,0.9,426,0.9000760970641848
488,0.9,443,0.9001349674921535
489,0.9,449,0.9001653457016122
490,0.9,430,0.9000076262726185
491,0.9,414,0.9000101931820079
492,0.9,404,0.9002348057006011
493,0.9,433,0.9001977757330698
494,0.9,419,0.9000536657650877
495,0.9,417,0.9002693167985141
496,0.9,435,0.9007452342239413
497,0.9,427,0.9001837201105659
498,0.9,426,0.9003422289495927
499,0.9,423,0.900056409588461
0,0.95,1551,0.9500152134870042
1,0.95,1539,0.950140735244213
2,0.95,1582,0.9500333167863254
3,0.95,1587,0.9500554826352352
4,0.95,1557,0.9500253282674372
5,0.95,1543,0.9500232662567812
6,0.95,1506,0.9500381938209972
7,0.95,1575,0.9500045614845213
8,0.95,1478,0.9500270002775437
9,0.95,1540,0.9500088433183372
10,0.95,1560,0.9500640877755245
11,0.95,1547,0.9500028312864162
12,0.95,1538,0.9500897924379064
13,0.95,1526,0.9500038192864985
14,0.95,1552,0.950076336328818
15,0.95,1581,0.9500510941743542
16,0.95,1610,0.950035370162225
17,0.95,1511,0.9500047601496701
18,0.95,1609,0.9500375075419025
19,0.95,1580,0.9500043436748562
20,0.95,1557,0.950039722133746
21,0.95,1501,0.9500023865366808
22,0.95,1532,0.9501039463087276
23,0.95,1580,0.9500353347261795
24,0.95,1562,0.9500635488507606
25,0.95,1519,0.9500044600374236
26,0.95,1540,0.9500047875604201
27,0.95,1561,0.950002563498013
28,0.95,1596,0.9500039192769643
29,0.95,1567,0.9501332591916026
30,0.95,1512,0.9500185681315604
31,0.95,1545,0.95001638167675
32,0.95,1548,0.9500148144505604
33,0.95,1554,0.950069700969929
34,0.95,1529,0.950016443490191
35,0.95,1551,0.950059950097804
36,0.95,1559,0.9500419724030166
37,0.95,1525,0.9500346297380599
38,0.95,1606,0.9500166870597655
39,0.95,1564,0.9500112071300656
40,0.95,1541,0.9500257716314735
41,0.95,1518,0.9500582716173462
42,0.95,1552,0.9500353740815114
43,0.95,1559,0.9500767955826034
44,0.95,1508,0.9500957206869856
45,0.95,1603,0.9500064049916846
46,0.95,1567,0.9500268796461131
47,0.95,1504,0.9500351191071025
48,0.95,1533,0.9500215498344288
49,0.95,1562,0.9500678180382723
50,0.95,1523,0.950054418258349
51,0.95,1590,0.9500026006277299
52,0.95,1526,0.9500554510073824
53,0.95,1604,0.9500321217914302
54,0.95,1541,0.9500047103794339
55,0.95,1541,0.9500023596913497
56,0.95,1617,0.9500017471162119
57,0.95,1544,0.9500309577770005
58,0.95,1556,0.9500970453950179
59,0.95,1614,0.9500035360754489
60,0.95,1547,0.9500395827591831
61,0.95,1575,0.9500470354204928
62,0.95,1544,0.950013535354783
63,0.95,1529,0.950026089016635
64,0.95,1556,0.9500165393700208
65,0.95,1546,0.9500338292730164
66,0.95,1574,0.9500064322094837
67,0.95,1510,0.9500298613469697
68,0.95,1560,0.950005277937752
69,0.95,1630,0.9500123273386583
70,0.95,1549,0.9500182817842181
71,0.95,1581,0.9500496512663642
72,0.95,1578,0.9500502272057934
73,0.95,1495,0.9500220868076092
74,0.95,1594,0.950088400173081
75,0.95,1541,0.9500189435671229
76,0.95,1540,0.9500346542610032
77,0.95,1512,0.950038391972934
78,0.95,1589,0.9500466462852407
79,0.95,1589,0.9500825334767543
80,0.95,1548,0.9501485145687554
81,0.95,1521,0.9500219662262838
82,0.95,1576,0.9500114551021589
83,0.95,1574,0.9501332559078088
84,0.95,1531,0.9500434046399654
85,0.95,1516,0.9500478949231643
86,0.95,1530,0.9500179121269153
87,0.95,1565,0.9500110247347091
88,0.95,1576,0.9500012592629112
89,0.95,1569,0.9500902556316306
90,0.95,1583,0.9500031465498133
91,0.95,1604,0.9500059652184223
92,0.95,1543,0.9501538640932725
93,0.95,1495,0.9500143496523688
94,0.95,1499,0.9500003807724904
95,0.95,1564,0.9500552426645864
96,0.95,1563,0.9500091939000167
97,0.95,1562,0.9500014998216372
98,0.95,1573,0.9500317144636189
99,0.95,1561,0.9500163059922825
100,0.95,1542,0.9500171814543171
101,0.95,1575,0.9500120068136598
102,0.95,1542,0.950002891915208
103,0.95,1555,0.9500132800043604
104,0.95,1545,0.9501522761236396
105,0.95,1582,0.9500202714255462
106,0.95,1565,0.9500380933212642
107,0.95,1592,0.9500448088194822
108,0.95,1564,0.9500270250690418
109,0.95,1548,0.9500028759506407
110,0.95,1565,0.9500182258700165
111,0.95,1525,0.9500249031125447
112,0.95,1632,0.9500440866103298
113,0.95,1512,0.950026678861084
114,0.95,1599,0.9500727349958934
115,0.95,1562,0.9500009120573024
116,0.95,1538,0.9500020274720172
117,0.95,1521,0.9500052589866351
118,0.95,1556,0.950021472391275
119,0.95,1503,0.9500424754802924
120,0.95,1500,0.9500666794190481
121,0.95,1553,0.9500368164319202
122,0.95,1590,0.9500353906994967
123,0.95,1590,0.9500327443852805
124,0.95,1539,0.9500240720069135
125,0.95,1562,0.9500457653184604
126,0.95,1493,0.9500094074347983
127,0.95,1520,0.9501867748564247
128,0.95,1531,0.9500276101973719
129,0.95,1539,0.9500363566478377
130,0.95,1603,0.9500536334963006
131,0.95,1542,0.9500134999116789
132,0.95,1592,0.9501133766699263
133,0.95,1568,0.9500126736382057
134,0.95,1552,0.9500070508970171
135,0.95,1616,0.9500004876766049
136,0.95,1577,0.9501246502565204
137,0.95,1569,0.9500287623420179
138,0.95,1545,0.9500184629706713
139,0.95,1574,0.9500864429565469
140,0.95,1525,0.950007018360218
141,0.95,1602,0.9500589008116322
142,0.95,1531,0.9500440730739574
143,0.95,1556,0.9500173738513716
144,0.95,1572,0.9500245205210612
145,0.95,1548,0.950064184917932
146,0.95,1558,0.9500239236144129
147,0.95,1603,0.9500697120647831
148,0.95,1578,0.9500173259366566
149,0.95,1578,0.9500031541407657
150,0.95,1560,0.9500127972206432
151,0.95,1535,0.9500141608831089
152,0.95,1581,0.9500114608548842
153,0.95,1594,0.9500168785741361
154,0.95,1583,0.9500825831700901
155,0.95,1561,0.9501084724484358
156,0.95,1599,0.9500029794359162
157,0.95,1558,0.9500072228181072
158,0.95,1568,0.9500145780362746
159,0.95,1581,0.9501697838374649
160,0.95,1532,0.9500229283529945
161,0.95,1596,0.9500239113195078
162,0.95,1605,0.9501170137095559
163,0.95,1601,0.950011243372932
164,0.95,1503,0.9500012959544566
165,0.95,1561,0.9500183396524926
166,0.95,1557,0.9500136464937864
167,0.95,1493,0.9500503011318504
168,0.95,1508,0.9500140053039987
169,0.95,1617,0.9500416723429672
170,0.95,1529,0.9500274419585867
171,0.95,1509,0.9500391014388794
172,0.95,1535,0.9500551688318045
173,0.95,1525,0.9500043296423407
174,0.95,1502,0.9500032981777614
175,0.95,1561,0.9500172791772241
176,0.95,1514,0.950017055226739
177,0.95,1572,0.9500109965849775
178,0.95,1605,0.9500045107288487
179,0.95,1569,0.9500149958801876
180,0.95,1586,0.9500034860724773
181,0.95,1586,0.9500066040484676
182,0.95,1511,0.9500650629962373
183,0.95,1567,0.9500538118046018
184,0.95,1565,0.9500006279692853
185,0.95,1574,0.9500167151366552
186,0.95,1549,0.9500093542196679
187,0.95,1552,0.9500043996354159
188,0.95,1520,0.9500831954395198
189,0.95,1535,0.9500799043068179
190,0.95,1594,0.9500056356141583
191,0.95,1569,0.9500088022597825
192,0.95,1555,0.950010425313292
193,0.95,1540,0.9500260576601743
194,0.95,1553,0.9500037177570891
195,0.95,1585,0.9500477985642795
196,0.95,1536,0.9500318587522864
197,0.95,1565,0.9500208941182064
198,0.95,1532,0.9500090671387005
199,0.95,1571,0.9500138990926741
200,0.95,1520,0.9500695534291184
201,0.95,1488,0.9500449711242293
202,0.95,1567,0.9500166125168147
203,0.95,1550,0.950092889578889
204,0.95,1604,0.9500220757555066
205,0.95,1536,0.9500002173329565
206,0.95,1557,0.9500273254210299
207,0.95,1540,0.9500223159005335
208,0.95,1548,0.9500165321205387
209,0.95,1521,0.9500579077111266
210,0.95,1543,0.9500208476755646
211,0.95,1580,0.9500815767669373
212,0.95,1569,0.9500807766750199
213,0.95,1546,0.9500583452982402
214,0.95,1567,0.9500423466561237
215,0.95,1604,0.9500024584557812
216,0.95,1613,0.9500129136858225
217,0.95,1560,0.9500082087501465
218,0.95,1572,0.9500175019594789
219,0.95,1516,0.9500882415615217
220,0.95,1634,0.9500372050737236
221,0.95,1594,0.950006701631273
222,0.95,1546,0.9500125707894914
223,0.95,1556,0.9501087941425801
224,0.95,1540,0.9500308419058274
225,0.95,1554,0.9500164497451593
226,0.95,1540,0.9500167162407583
227,0.95,1488,0.9500026604960475
228,0.95,1542,0.9500001034513599
229,0.95,1559,0.9500152506974779
230,0.95,1539,0.950008545659834
231,0.95,1530,0.9500152364735233
232,0.95,1543,0.9500261370132063
233,0.95,1580,0.9500042399730825
234,0.95,1624,0.9500110598172513
235,0.95,1602,0.9500033900177153
236,0.95,1535,0.9500273850430357
237,0.95,1585,0.9500313906161226
238,0.95,1580,0.9500434190795268
239,0.95,1586,0.9500001848347098
240,0.95,1560,0.95000582637709
241,0.95,1558,0.9500029048610005
242,0.95,1552,0.9501155311528283
243,0.95,1555,0.9500041639108707
244,0.95,1534,0.9500034626011349
245,0.95,1591,0.9500202517573014
246,0.95,1552,0.9500709452703415
247,0.95,1534,0.9500028151246592
248,0.95,1576,0.9500440350856512
249,0.95,1523,0.9500191633080868
250,0.95,1576,0.9500068253444794
251,0.95,1562,0.9500021648274334
252,0.95,1544,0.9500257077121869
253,0.95,1539,0.950005570325846
254,0.95,1541,0.9500495093772166
255,0.95,1580,0.9500681007362738
256,0.95,1572,0.9501425635225489
257,0.95,1577,0.950021079249387
258,0.95,1545,0.9500069388653404
259,0.95,1501,0.9500027459694418
260,0.95,1580,0.9500219674057144
261,0.95,1602,0.9500071037589299
262,0.95,1539,0.950026237827888
263,0.95,1549,0.9500545751951927
264,0.95,1553,0.9500003361538261
265,0.95,1570,0.9500203740091396
266,0.95,1609,0.9500927180373653
267,0.95,1508,0.9500766806721422
268,0.95,1591,0.9500338671312831
269,0.95,1572,0.9500159326004118
270,0.95,1624,0.9500378099288975
271,0.95,1523,0.9500143556442724
272,0.95,1534,0.9500167222653423
273,0.95,1556,0.950031767915242
274,0.95,1524,0.9500351153510884
275,0.95,1460,0.9500695320552891
276,0.95,1620,0.9500080891972943
277,0.95,1586,0.9500000713742344
278,0.95,1515,0.9500883356841014
279,0.95,1507,0.950010844714407
280,0.95,1575,0.9500668518423685
281,0.95,1579,0.9500164357529359
282,0.95,1562,0.9500469825516812
283,0.95,1539,0.9500402981367355
284,0.95,1548,0.9500450004763321
285,0.95,1526,0.9500255685826027
286,0.95,1524,0.9500015510533708
287,0.95,1550,0.950061453969604
288,0.95,1543,0.9500315893931512
289,0.95,1561,0.9500118325940032
290,0.95,1557,0.9500058843242154
291,0.95,1561,0.9500564938350802
292,0.95,1551,0.9502549880614656
293,0.95,1547,0.950001118455495
294,0.95,1547,0.9500079641933302
295,0.95,1553,0.9500339218899271
296,0.95,1522,0.9500048474675571
297,0.95,1608,0.950000580645939
298,0.95,1548,0.9500303833711732
299,0.95,1585,0.9500026707748718
300,0.95,1540,0.9500561382399816
301,0.95,1563,0.9500002379064371
302,0.95,1591,0.9500213945522189
303,0.95,1595,0.950011935971416
304,0.95,1541,0.9500173033536129
305,0.95,1529,0.9500164638031345
306,0.95,1578,0.9500867030111012
307,0.95,1588,0.9500025846780827
308,0.95,1574,0.9501290490759032
309,0.95,1508,0.9500094616437557
310,0.95,1602,0.9500037185496434
311,0.95,1554,0.9500007866474268
312,0.95,1563,0.9500136970130236
313,0.95,1502,0.9500166569395113
314,0.95,1520,0.9500046425535592
315,0.95,1577,0.9500036815146
316,0.95,1559,0.9500000465588978
317,0.95,1542,0.9500026468878435
318,0.95,1568,0.9500566585790438
319,0.95,1536,0.9500036310488592
320,0.95,1548,0.9500046859901574
321,0.95,1475,0.9500370163179455
322,0.95,1537,0.9500340792713723
323,0.95,1555,0.9500001747779789
324,0.95,1575,0.9500105966423413
325,0.95,1541,0.9500016268022831
326,0.95,1582,0.9500764663295342
327,0.95,1582,0.9500014028807935
328,0.95,1546,0.9500362865104423
329,0.95,1547,0.9500000573060484
330,0.95,1563,0.9500113390312271
331,0.95,1571,0.9500743139844722
332,0.95,1519,0.9500516995536447
333,0.95,1551,0.950050645162573
334,0.95,1479,0.9500132475870003
335,0.95,1616,0.9500719602612736
336,0.95,1528,0.9500590820040957
337,0.95,1560,0.9500628802484237
338,0.95,1529,0.9500817685756459
339,0.95,1566,0.9500102695428003
340,0.95,1553,0.9500610482603383
341,0.95,1502,0.9500515109260843
342,0.95,1549,0.9500126393763311
343,0.95,1587,0.9500964548687152
344,0.95,1535,0.9500180881760572
345,0.95,1591,0.9500285120590134
346,0.95,1515,0.950101678770529
347,0.95,1530,0.9500402544341986
348,0.95,1561,0.9500038843803555
349,0.95,1560,0.950024113935075
350,0.95,1617,0.9500139072648299
351,0.95,1635,0.950046451199279
352,0.95,1581,0.9500801691225731
353,0.95,1553,0.9501666004959404
354,0.95,1559,0.9500001583757779
355,0.95,1502,0.9500273104307327
356,0.95,1601,0.9500023511892088
357,0.95,1571,0.9500355033072184
358,0.95,1542,0.9500626467733512
359,0.95,1530,0.9500329813300771
360,0.95,1560,0.9500963247447839
361,0.95,1494,0.9500051514656265
362,0.95,1556,0.9500104549215816
363,0.95,1569,0.950035038444763
364,0.95,1574,0.950113743414256
365,0.95,1574,0.9500160724508014
366,0.95,1530,0.9500887745931241
367,0.95,1557,0.9500688680425559
368,0.95,1558,0.9500020126901464
369,0.95,1550,0.9500308129568739
370,0.95,1551,0.9500779742359149
371,0.95,1544,0.9500024214649185
372,0.95,1539,0.9500211879446382
373,0.95,1560,0.9500711452325885
374,0.95,1531,0.9500149944765255
375,0.95,1573,0.9500003848886702
376,0.95,1492,0.9500151416936279
377,0.95,1569,0.9500832652343192
378,0.95,1493,0.9500093007607231
379,0.95,1525,0.950063586520125
380,0.95,1589,0.9501043063653233
381,0.95,1516,0.9500299380096268
382,0.95,1533,0.9501515554756486
383,0.95,1570,0.9500195887117128
384,0.95,1594,0.9500339384105085
385,0.95,1549,0.9500066636885078
386,0.95,1549,0.9500380751825157
387,0.95,1501,0.9500422081681335
388,0.95,1578,0.9500000428050066
389,0.95,1554,0.9500021805837751
390,0.95,1555,0.9500001610934191
391,0.95,1545,0.950008202107204
392,0.95,1485,0.9500095571601177
393,0.95,1550,0.9500118366553448
394,0.95,1484,0.9500717182414562
395,0.95,1512,0.9500402104146537
396,0.95,1551,0.9500296993510028
397,0.95,1592,0.9500110989997627
398,0.95,1595,0.9500222406681327
399,0.95,1560,0.9500195078148207
400,0.95,1499,0.9501687415923032
401,0.95,1545,0.9502082703587686
402,0.95,1575,0.9500134899663578
403,0.95,1542,0.9500384698075396
404,0.95,1580,0.9500050774156694
405,0.95,1559,0.9500605944119053
406,0.95,1489,0.9500154192187488
407,0.95,1592,0.9500024189894745
408,0.95,1576,0.9500035519205344
409,0.95,1582,0.9500007219956259
410,0.95,1566,0.9501439512499448
411,0.95,1564,0.9502382369064932
412,0.95,1545,0.9500453913569131
413,0.95,1547,0.9500009803571015
414,0.95,1552,0.9500020012935534
415,0.95,1599,0.9500081639726156
416,0.95,1555,0.9500014552349542
417,0.95,1529,0.9500302685867746
418,0.95,1518,0.9500179254083551
419,0.95,1531,0.9500018215294149
420,0.95,1562,0.9501027269322023
421,0.95,1543,0.9500324817636084
422,0.95,1500,0.9500025834182718
423,0.95,1556,0.950020790832301
424,0.95,1563,0.9500439349472621
425,0.95,1556,0.9500165905813747
426,0.95,1563,0.9500201623759702
427,0.95,1552,0.9500712259909662
428,0.95,1510,0.9500499408264156
429,0.95,1493,0.9500083119679592
430,0.95,1539,0.9500026659852019
431,0.95,1577,0.9500024590720282
432,0.95,1585,0.9500006990322785
433,0.95,1565,0.9500083037854901
434,0.95,1492,0.9500109794457192
435,0.95,1562,0.9500676038008855
436,0.95,1569,0.9500171002249319
437,0.95,1618,0.950000951620914
438,0.95,1556,0.9500411193605635
439,0.95,1544,0.9500004522982536
440,0.95,1501,0.9500401979076334
441,0.95,1562,0.950079846350456
442,0.95,1543,0.9500459841054095
443,0.95,1501,0.950027084767276
444,0.95,1599,0.9500021145756821
445,0.95,1574,0.9500037472966839
446,0.95,1622,0.9500475281900478
447,0.95,1473,0.9500009610571369
448,0.95,1577,0.9500010054337836
449,0.95,1538,0.9500141659579934
450,0.95,1537,0.9500417719269262
451,0.95,1542,0.9500299804885324
452,0.95,1570,0.9500174228412791
453,0.95,1575,0.9501186668899584
454,0.95,1508,0.9500400794643957
455,0.95,1543,0.950009063126911
456,0.95,1592,0.9501026749002754
457,0.95,1542,0.950017536384473
458,0.95,1570,0.9500508504814867
459,0.95,1569,0.9500554400997007
460,0.95,1535,0.9500013193053463
461,0.95,1554,0.9500206098765166
462,0.95,1578,0.9500024474581983
463,0.95,1549,0.9500207408390624
464,0.95,1568,0.9500163143625618
465,0.95,1570,0.9500678901919842
466,0.95,1596,0.9501005390163246
467,0.95,1507,0.9500157726806633
468,0.95,1513,0.9500174364052111
469,0.95,1563,0.9500344471019616
470,0.95,1513,0.9500298877863815
471,0.95,1481,0.9500058888682962
472,0.95,1579,0.950009499150148
473,0.95,1499,0.9500170421236286
474,0.95,1561,0.9500512760874755
475,0.95,1580,0.9500395684689797
476,0.95,1588,0.9500453060995282
477,0.95,1512,0.9500080156539118
478,0.95,1565,0.95004997228647
479,0.95,1569,0.9500581457718648
480,0.95,1523,0.9500100328952475
481,0.95,1546,0.9500062980188414
482,0.95,1558,0.9500275945705148
483,0.95,1588,0.9500429799933343
484,0.95,1536,0.9500135808769143
485,0.95,1506,0.950009374532264
486,0.95,1497,0.9500129373256619
487,0.95,1534,0.9500259389531976
488,0.95,1555,0.9500186830400492
489,0.95,1553,0.9500015040871099
490,0.95,1530,0.950021658698272
491,0.95,1529,0.9500262434286827
492,0.95,1497,0.9500370447580343
493,0.95,1586,0.9500934969124294
494,0.95,1634,0.9500361893787115
495,0.95,1598,0.9500043064407893
496,0.95,1530,0.9500114414285106
497,0.95,1509,0.9500854061078804
498,0.95,1538,0.9500538521750183
499,0.95,1588,0.9500147460066118
