split_id,context,spearman_rho,p_value,variance_rho
0,bakery,0.1758521624624201,0.11868878919877908,7.703719777548943e-34
0,closet,0.0303135631029896,0.7681838209849581,0.0
0,corner,0.00031996366432697346,0.9973777830458497,1.1754943508222875e-38
0,fitness,0.31387463972516744,0.01298117488425586,3.0814879110195774e-33
0,fridge,0.44849689023017125,0.006080081857374932,1.232595164407831e-32
0,garage,0.05746805159540304,0.5822003881359794,4.333342374871281e-34
0,handbag,0.22298143623238703,0.0741956801190011,7.703719777548943e-34
0,library,-0.28193086430072495,0.0010565116838784584,0.0
0,mall,-0.25199682213760194,0.0034322805323529944,3.0814879110195774e-33
0,play,-0.20414486986946842,0.010580991461980676,7.703719777548943e-34
0,restaurant,0.32668703003135524,0.018090206959870406,2.7733391199176196e-32
1,bakery,0.11537985360070055,0.30812922156946543,7.703719777548943e-34
1,closet,-0.10557031807372827,0.30341043136086654,1.7333369499485123e-33
1,corner,0.023326194926797803,0.8106211621393203,0.0
1,fitness,0.4097730367850871,0.0009415853930540754,1.232595164407831e-32
1,fridge,0.4364783958963451,0.00778168185107961,0.0
1,garage,0.17756206175162786,0.08687316603924354,3.0814879110195774e-33
1,handbag,0.3728555954184902,0.0022218674411748117,0.0
1,library,-0.34398318503289116,5.381167198996294e-05,1.232595164407831e-32
1,mall,-0.27779379300521595,0.0012062501770465227,3.0814879110195774e-33
1,play,-0.24761438466605434,0.0018300555796691887,6.933347799794049e-33
1,restaurant,0.17087589928350214,0.22582571532373366,7.703719777548943e-34
2,bakery,0.12522105754683732,0.2684034102723512,7.703719777548943e-34
2,closet,-0.08223511093940754,0.4232590441660602,1.925929944387236e-34
2,corner,0.07813790023184729,0.42150444991625646,0.0
2,fitness,0.44759885514639464,0.00026466579581734396,3.0814879110195774e-33
2,fridge,0.461965402332303,0.00456296151557917,1.232595164407831e-32
2,garage,0.13680578497376455,0.18856848166921583,7.703719777548943e-34
2,handbag,0.3406144976648067,0.005496725304836295,1.232595164407831e-32
2,library,-0.3522243208350437,3.4460653343901406e-05,2.7733391199176196e-32
2,mall,-0.2650517276745099,0.0020477979456241806,3.0814879110195774e-33
2,play,-0.11301986826071969,0.16008970683477497,1.7333369499485123e-33
2,restaurant,0.32063592250169687,0.020477081458806796,3.0814879110195774e-33
3,bakery,0.13240074427464668,0.24169815880085302,7.703719777548943e-34
3,closet,-0.01241304910495929,0.9039491536258579,1.2037062152420224e-35
3,corner,-0.029912254729122387,0.7586082946873878,0.0
3,fitness,0.3621631273871093,0.0038214973089524588,3.0814879110195774e-33
3,fridge,0.5702864766884618,0.0002820365888734037,4.930380657631324e-32
3,garage,0.15437808181760693,0.1373726576973822,3.0814879110195774e-33
3,handbag,0.30985141394627375,0.012012371537342982,0.0
3,library,-0.3630146523540472,1.886499875410256e-05,1.232595164407831e-32
3,mall,-0.19882936370002852,0.021771864282977275,7.703719777548943e-34
3,play,-0.06768306714673461,0.40117440015119843,0.0
3,restaurant,0.273805172298315,0.049512213432481134,3.0814879110195774e-33
4,bakery,0.038324309431203456,0.7357308349021956,4.81482486096809e-35
4,closet,-0.10345203808518755,0.31326983476799825,1.925929944387236e-34
4,corner,-0.0019357357272375946,0.9841369537947815,4.70197740328915e-38
4,fitness,0.2961985673008932,0.019411876382254802,1.232595164407831e-32
4,fridge,0.4494744235684644,0.0059569828309136465,3.0814879110195774e-33
4,garage,0.11672893946695735,0.2625340716903708,0.0
4,handbag,0.44489066608036887,0.0002047208957756239,2.7733391199176196e-32
4,library,-0.39983313730603987,2.0372163018319557e-06,0.0
4,mall,-0.20826812172804626,0.016144425783779906,0.0
4,play,-0.1969193704726861,0.013742820472474652,7.703719777548943e-34
4,restaurant,0.28408605748530014,0.04124701390889538,3.0814879110195774e-33
5,bakery,0.16965895464797967,0.13244668652196975,7.703719777548943e-34
5,closet,0.038118933711544734,0.7108641063023684,4.81482486096809e-35
5,corner,0.017791486515202064,0.8549882656502067,1.2037062152420224e-35
5,fitness,0.4141286988828229,0.0008196096173307564,2.7733391199176196e-32
5,fridge,0.47393580660464985,0.0035012744536778067,0.0
5,garage,0.15464225743584997,0.13669294792581638,3.0814879110195774e-33
5,handbag,0.3322631685254082,0.006848877985118817,0.0
5,library,-0.30372092851417476,0.00039965786358453736,1.232595164407831e-32
5,mall,-0.13889456963376764,0.110840075264236,0.0
5,play,-0.18485563251535223,0.020875738963515012,0.0
5,restaurant,0.33468513703437786,0.015301119811615029,0.0
6,bakery,0.17353411426792714,0.12370347540869364,0.0
6,closet,-0.06307176191879589,0.5393848276666502,0.0
6,corner,0.04065117877475773,0.6761545007332055,4.81482486096809e-35
6,fitness,0.4104444580718127,0.0009217737949583195,0.0
6,fridge,0.44131389235882007,0.00705357655179175,3.0814879110195774e-33
6,garage,0.06661125050234026,0.5235465671315236,7.703719777548943e-34
6,handbag,0.36406994177145635,0.002870128582721164,2.7733391199176196e-32
6,library,-0.3332409362234167,9.444533122221796e-05,0.0
6,mall,-0.17988846173294185,0.038272370201956084,1.232595164407831e-32
6,play,-0.21971572049176785,0.005852417252140071,7.703719777548943e-34
6,restaurant,0.36948299558909703,0.00702341918945934,3.0814879110195774e-33
7,bakery,0.1106524725203583,0.3285028061881533,1.925929944387236e-34
7,closet,-0.11144293996296248,0.2771489526492851,0.0
7,corner,0.09395723650530503,0.3334380471063193,7.703719777548943e-34
7,fitness,0.36018550986342357,0.0040328319730160945,2.7733391199176196e-32
7,fridge,0.3998292787648487,0.01568983204245219,3.0814879110195774e-33
7,garage,0.07949763518823018,0.4462677052145152,1.925929944387236e-34
7,handbag,0.31132481103944265,0.011591118409083424,3.0814879110195774e-33
7,library,-0.3595648962631968,2.292679027582647e-05,1.232595164407831e-32
7,mall,-0.2358277599480574,0.006282128739138616,3.0814879110195774e-33
7,play,-0.15997809254087983,0.04605124586152762,7.703719777548943e-34
7,restaurant,0.25022051557937863,0.07360141775500689,3.0814879110195774e-33
8,bakery,0.12349240081770245,0.27511917872225944,1.7333369499485123e-33
8,closet,-0.023612612708065684,0.8184224468789624,0.0
8,corner,0.018628302499312042,0.8482475260713558,4.81482486096809e-35
8,fitness,0.3750480411382613,0.002668969035272535,1.232595164407831e-32
8,fridge,0.3964735271689719,0.01666926739064991,0.0
8,garage,0.1657972593810831,0.11025891544842775,7.703719777548943e-34
8,handbag,0.33655569495730575,0.006121293910413966,3.0814879110195774e-33
8,library,-0.3375920162919686,7.538825515456542e-05,1.232595164407831e-32
8,mall,-0.22722153474215365,0.008533264072570601,0.0
8,play,-0.1388594139541958,0.08384661370384669,0.0
8,restaurant,0.3368150258685978,0.01462348853140452,2.7733391199176196e-32
9,bakery,0.1519031236711746,0.17859300206310671,0.0
9,closet,-0.06637599001950921,0.5183014235813872,1.925929944387236e-34
9,corner,-0.057255521251992784,0.5561455681924434,4.81482486096809e-35
9,fitness,0.42704815861217316,0.0005371200615747998,3.0814879110195774e-33
9,fridge,0.4731286330784336,0.003565419071447814,2.7733391199176196e-32
9,garage,0.12213368966067074,0.24092313181796038,3.0814879110195774e-33
9,handbag,0.3412485218104808,0.005404408848082405,1.232595164407831e-32
9,library,-0.39081307679533367,3.6037589096351003e-06,3.0814879110195774e-33
9,mall,-0.17872220606699027,0.03956406255398261,3.0814879110195774e-33
9,play,-0.1465974186986558,0.06782703744467977,7.703719777548943e-34
9,restaurant,0.16412911287085213,0.24495691403464437,3.0814879110195774e-33
10,bakery,0.1065159545757836,0.34701636734696106,0.0
10,closet,-0.07043101149859073,0.4930129426760028,1.925929944387236e-34
10,corner,0.05996241208217568,0.5375964601494589,1.925929944387236e-34
10,fitness,0.37276001985992296,0.002847634196844554,3.0814879110195774e-33
10,fridge,0.37133331739622516,0.025762562923690224,1.232595164407831e-32
10,garage,0.10779351899752448,0.3010752005687994,3.0814879110195774e-33
10,handbag,0.33752438550438213,0.005966822901112892,0.0
10,library,-0.3651809176855797,1.6671634340486477e-05,1.232595164407831e-32
10,mall,-0.20206621524870746,0.01967658746674278,3.0814879110195774e-33
10,play,-0.17241247238221674,0.031377180836583946,7.703719777548943e-34
10,restaurant,0.35536489379031866,0.009730355188057841,0.0
11,bakery,0.0528011767447419,0.641816891126166,1.925929944387236e-34
11,closet,-0.039359200261524195,0.7018930713480759,0.0
11,corner,0.0050938341660539755,0.9582728962805367,0.0
11,fitness,0.43441190106300653,0.00041894419595865087,3.0814879110195774e-33
11,fridge,0.4719259234232294,0.0036628887014480945,1.232595164407831e-32
11,garage,0.12295488627445914,0.23775069908708474,7.703719777548943e-34
11,handbag,0.42393419278176875,0.0004330536454229583,3.0814879110195774e-33
11,library,-0.3319881683055575,0.00010071449114141893,0.0
11,mall,-0.20896049354144924,0.015786585630023758,6.933347799794049e-33
11,play,-0.14023239466027634,0.08080156226226898,7.703719777548943e-34
11,restaurant,0.37480449689266776,0.006188380707850666,4.930380657631324e-32
12,bakery,0.12009051729270537,0.2886613582950187,1.925929944387236e-34
12,closet,-0.054243987921387064,0.5977045345604404,4.81482486096809e-35
12,corner,0.018122571519973325,0.8523200264043497,1.2037062152420224e-35
12,fitness,0.49090056141200267,5.102149621367854e-05,1.232595164407831e-32
12,fridge,0.4802320705208301,0.003034403297455533,1.232595164407831e-32
12,garage,0.16723749591577755,0.10715762655134345,3.0814879110195774e-33
12,handbag,0.36527691702386633,0.00277209252776431,2.7733391199176196e-32
12,library,-0.3244476397073797,0.00014742658852784073,0.0
12,mall,-0.18842119330388302,0.029858608872994696,3.0814879110195774e-33
12,play,-0.21876633897957037,0.006074518613779155,7.703719777548943e-34
12,restaurant,0.21398663255718847,0.12769015365617647,7.703719777548943e-34
13,bakery,0.1689145820752165,0.1341786108980531,3.0814879110195774e-33
13,closet,-0.12951671549245328,0.20609063480582224,0.0
13,corner,-0.020113306119603835,0.8363126815246906,0.0
13,fitness,0.36675511449702763,0.0033681648808435837,1.232595164407831e-32
13,fridge,0.43990257523662313,0.007259787423135193,3.0814879110195774e-33
13,garage,0.09767783200632885,0.34896808816762737,7.703719777548943e-34
13,handbag,0.3655439465307194,0.0027508106749994116,3.0814879110195774e-33
13,library,-0.34488565932282594,5.1279375631918136e-05,3.0814879110195774e-33
13,mall,-0.19757824298430243,0.022631707554070526,7.703719777548943e-34
13,play,-0.21203248705228797,0.007877634020416604,0.0
13,restaurant,0.34669228219876813,0.011806096152309533,0.0
14,bakery,0.1407010315544262,0.21318129365321037,7.703719777548943e-34
14,closet,-0.06150934688159826,0.5494992863402818,4.81482486096809e-35
14,corner,0.025442006447284858,0.793809675849759,0.0
14,fitness,0.33253102899820375,0.008274126797302696,0.0
14,fridge,0.514868438159728,0.0013136014771008885,1.232595164407831e-32
14,garage,0.11812254927132092,0.2568397429058905,1.925929944387236e-34
14,handbag,0.3324389731745689,0.006817652730037769,3.0814879110195774e-33
14,library,-0.3340524255219901,9.05808840609272e-05,1.232595164407831e-32
14,mall,-0.1610363636440774,0.06406369871207251,7.703719777548943e-34
14,play,-0.1631400438181254,0.041862514702869176,7.703719777548943e-34
14,restaurant,0.21423993755365947,0.12722909373857416,6.933347799794049e-33
15,bakery,0.07656838098998373,0.4996364188400879,1.925929944387236e-34
15,closet,-0.08630755363013574,0.4005825084392127,7.703719777548943e-34
15,corner,-0.03895310059970071,0.6889694463641238,4.81482486096809e-35
15,fitness,0.4113096783367301,0.0008967990719398987,3.0814879110195774e-33
15,fridge,0.35932317367338085,0.031372572390657646,0.0
15,garage,0.11883852009050191,0.2539473016359324,7.703719777548943e-34
15,handbag,0.3053662372735843,0.013377234176235837,0.0
15,library,-0.31244391672733074,0.00026499672910343034,0.0
15,mall,-0.17057521036855242,0.04964483969409383,1.232595164407831e-32
15,play,-0.17039406932873086,0.03344645166603119,3.0814879110195774e-33
15,restaurant,0.19498062864663032,0.16599683033551837,3.0814879110195774e-33
16,bakery,0.07640053646440169,0.5005797790374313,1.925929944387236e-34
16,closet,-0.035838388961997494,0.7274621299004647,1.925929944387236e-34
16,corner,-0.030993446378594518,0.7501649119333669,1.2037062152420224e-35
16,fitness,0.4015467084296216,0.0012175212271201673,2.7733391199176196e-32
16,fridge,0.4330440031938115,0.008337039152725496,1.232595164407831e-32
16,garage,0.18580498187189423,0.07297442173939124,7.703719777548943e-34
16,handbag,0.3454696663837601,0.0048238685362287596,1.232595164407831e-32
16,library,-0.3184446050715924,0.00019827388059944227,3.0814879110195774e-33
16,mall,-0.25730013324302503,0.0027913534040641193,1.232595164407831e-32
16,play,-0.1917960105029102,0.016458911484827567,3.0814879110195774e-33
16,restaurant,0.3055268446538682,0.027623626094974308,0.0
17,bakery,0.186038250382938,0.0984843191051312,3.0814879110195774e-33
17,closet,-0.030626917569673867,0.7658560697653485,1.0833355937178202e-34
17,corner,0.019691676473083904,0.8396976320057299,1.2037062152420224e-35
17,fitness,0.3424809347439748,0.006435029567251883,0.0
17,fridge,0.4748738800935445,0.003427988924774249,3.0814879110195774e-33
17,garage,0.060715603452612926,0.5610247448378891,1.2037062152420224e-33
17,handbag,0.3715532162795484,0.002308838272424265,2.7733391199176196e-32
17,library,-0.3519268501856138,3.502708149498094e-05,1.232595164407831e-32
17,mall,-0.22487542508654093,0.009259294168686108,3.0814879110195774e-33
17,play,-0.13107682226381553,0.1028845999980603,0.0
17,restaurant,0.40302465460179254,0.0030528911966753057,0.0
18,bakery,0.0272574836053336,0.8103256869023465,4.81482486096809e-35
18,closet,-0.09190554991424195,0.370612159815613,1.7333369499485123e-33
18,corner,-0.014686061140560036,0.8800907212470481,2.7083389842945504e-35
18,fitness,0.2021877973012711,0.11503649809320687,7.703719777548943e-34
18,fridge,0.45735632348579397,0.0050403860463875206,3.0814879110195774e-33
18,garage,0.17829523847029072,0.08555749711836377,0.0
18,handbag,0.3568784119667076,0.0035209269440634773,4.930380657631324e-32
18,library,-0.40733289530480393,1.2515934816412287e-06,3.0814879110195774e-33
18,mall,-0.19184975667548845,0.026951024711544324,0.0
18,play,-0.23076331699290545,0.00375221237770559,0.0
18,restaurant,0.3140799855519725,0.023358357020096674,3.0814879110195774e-33
19,bakery,0.14610859284738312,0.1959350641697361,0.0
19,closet,-0.05173174450400491,0.6148020154835605,4.81482486096809e-35
19,corner,0.07000365772462555,0.4715755397383127,7.703719777548943e-34
19,fitness,0.33299354229987227,0.008179438330723156,3.0814879110195774e-33
19,fridge,0.47421085271327773,0.0034796472129394623,3.0814879110195774e-33
19,garage,0.09464751108739547,0.3641937956876804,1.7333369499485123e-33
19,handbag,0.3556211355546873,0.0036472764843933463,3.0814879110195774e-33
19,library,-0.31521124641649173,0.00023199223873954705,3.0814879110195774e-33
19,mall,-0.18572164269804672,0.032331688065886204,7.703719777548943e-34
19,play,-0.14341865719585886,0.0740770304590073,7.703719777548943e-34
19,restaurant,0.28713912734673686,0.03902333806240574,1.232595164407831e-32
20,bakery,0.1670667806287859,0.1385520580441063,6.933347799794049e-33
20,closet,-0.09943964823943073,0.33250761808130935,1.925929944387236e-34
20,corner,0.012169668945479306,0.9005204711670722,3.009265538105056e-36
20,fitness,0.4742481864841538,9.864204904024735e-05,3.0814879110195774e-33
20,fridge,0.4066165634810898,0.01385600979044383,1.232595164407831e-32
20,garage,0.16208141084730723,0.11858251247525495,0.0
20,handbag,0.46952391991802717,7.958183262925295e-05,2.7733391199176196e-32
20,library,-0.3598886731140834,2.2513157957437538e-05,1.232595164407831e-32
20,mall,-0.23075970327612166,0.007533397299792518,7.703719777548943e-34
20,play,-0.23470061792861613,0.0031865803118682856,0.0
20,restaurant,0.3466807172138947,0.011809100250642824,1.232595164407831e-32
21,bakery,0.17603259833613277,0.11830510314752768,7.703719777548943e-34
21,closet,-0.07677676137789655,0.45478290164835045,1.925929944387236e-34
21,corner,0.013851280780002792,0.8868599836819435,1.2037062152420224e-35
21,fitness,0.4026991393292232,0.0011749242123334448,2.7733391199176196e-32
21,fridge,0.4641262235595802,0.004352945335565165,3.0814879110195774e-33
21,garage,0.13480151673218352,0.19518790249696077,7.703719777548943e-34
21,handbag,0.2749713066712471,0.026636979745008612,3.0814879110195774e-33
21,library,-0.394548182247041,2.851420621696132e-06,3.0814879110195774e-33
21,mall,-0.13141901653737265,0.13159564514006372,0.0
21,play,-0.16015908175323712,0.0458023958488681,7.703719777548943e-34
21,restaurant,0.27824504906761516,0.04579119513450892,1.232595164407831e-32
22,bakery,0.2694394478132835,0.01565374255115347,0.0
22,closet,-0.018616330987735845,0.8563766937415338,1.2037062152420224e-35
22,corner,0.045964707146059644,0.6366622241637878,0.0
22,fitness,0.2637409074485042,0.03833415785783516,0.0
22,fridge,0.5136360418606747,0.001355383862019102,0.0
22,garage,0.0742517827263972,0.47693042248471806,1.925929944387236e-34
22,handbag,0.3329126987506054,0.0067341332980576955,3.0814879110195774e-33
22,library,-0.36696380771414316,1.5049019621712019e-05,0.0
22,mall,-0.25818432303022254,0.0026956889364672665,3.0814879110195774e-33
22,play,-0.13666322135986528,0.08890800859125499,7.703719777548943e-34
22,restaurant,0.27863560340096394,0.045475112407338376,3.0814879110195774e-33
23,bakery,0.06580140321466194,0.5619740611298176,1.925929944387236e-34
23,closet,-0.006807395708964101,0.9472371626555085,7.52316384526264e-37
23,corner,0.05096016911156752,0.6004373498302528,4.81482486096809e-35
23,fitness,0.4063727302942433,0.00104794588642427,3.0814879110195774e-33
23,fridge,0.44877326712620913,0.006045058416588242,3.0814879110195774e-33
23,garage,0.052906700795151036,0.6125469721948233,0.0
23,handbag,0.2772389932554979,0.025363085881791026,0.0
23,library,-0.3655728297954212,1.630142040484251e-05,4.930380657631324e-32
23,mall,-0.27803904838409604,0.0011937283779105243,3.0814879110195774e-33
23,play,-0.13031458794841866,0.10491893123511617,7.703719777548943e-34
23,restaurant,0.22091843774777592,0.11552096186831416,3.0814879110195774e-33
24,bakery,0.12607797177172952,0.2651156113932869,7.703719777548943e-34
24,closet,0.005452198212165194,0.9577301632527576,6.770847460736376e-36
24,corner,-0.04067630775789158,0.6759655405400454,4.81482486096809e-35
24,fitness,0.3546362527215624,0.004682069971054449,0.0
24,fridge,0.4610348395591329,0.004656069794727744,1.232595164407831e-32
24,garage,0.10936788794316128,0.29402857607757915,1.925929944387236e-34
24,handbag,0.28528972548662646,0.021247988505409255,3.0814879110195774e-33
24,library,-0.33240700286550834,9.857657881275035e-05,3.0814879110195774e-33
24,mall,-0.18810497866172526,0.030139720911127398,3.0814879110195774e-33
24,play,-0.2637576405696442,0.0008780169777272395,3.0814879110195774e-33
24,restaurant,0.19039036811990773,0.17639015265459135,7.703719777548943e-34
25,bakery,0.1075149206895725,0.3424868089325763,0.0
25,closet,0.05942641261272522,0.5631248729344788,4.81482486096809e-35
25,corner,0.05531949635300926,0.5695983146988952,0.0
25,fitness,0.4489779166247222,0.0002519813768052817,1.232595164407831e-32
25,fridge,0.43777307367357277,0.007580701229090851,7.703719777548943e-32
25,garage,0.09218433906648393,0.3768660239057281,7.703719777548943e-34
25,handbag,0.33996808723453903,0.005592272284566868,0.0
25,library,-0.3428448093570697,5.717300387741217e-05,1.232595164407831e-32
25,mall,-0.2339222595419979,0.006729055214534808,0.0
25,play,-0.0874459307185008,0.27770195847228146,7.703719777548943e-34
25,restaurant,0.3320280156713291,0.016183906262124906,0.0
26,bakery,0.15317703634626567,0.17493541548136618,0.0
26,closet,-0.10800517735301267,0.2923309980595775,7.703719777548943e-34
26,corner,-0.047216670056907474,0.6274982641076046,0.0
26,fitness,0.26374077143224445,0.03833426131730818,0.0
26,fridge,0.48086599508760103,0.0029905497924376974,3.0814879110195774e-33
26,garage,0.14228156139845144,0.17131693359329603,7.703719777548943e-34
26,handbag,0.3514567172741876,0.004094994202921708,0.0
26,library,-0.30059653470588604,0.00046160899924155914,3.0814879110195774e-33
26,mall,-0.22507126072704867,0.009196671634402536,0.0
26,play,-0.1587354553949625,0.047790419138264546,0.0
26,restaurant,0.3488584613853764,0.011254875015228444,3.0814879110195774e-33
27,bakery,0.11502680941175232,0.30962177847874184,1.925929944387236e-34
27,closet,-0.0929357329648977,0.3652500263545033,0.0
27,corner,0.08292458261501799,0.3935370088910285,0.0
27,fitness,0.44225875487630206,0.00031947998189960823,2.7733391199176196e-32
27,fridge,0.47994912335893836,0.0030541569771902755,0.0
27,garage,0.11460652948295162,0.2713699566962725,7.703719777548943e-34
27,handbag,0.3605520948014619,0.0031737178874527146,3.0814879110195774e-33
27,library,-0.41739681075628493,6.387827716374453e-07,2.7733391199176196e-32
27,mall,-0.238914910703556,0.00561392365274439,7.703719777548943e-34
27,play,-0.13984454327704932,0.08165260213295443,0.0
27,restaurant,0.27391741886987125,0.04941520078985485,0.0
28,bakery,0.09541097895419254,0.39985866407715176,1.925929944387236e-34
28,closet,-0.10739272774280938,0.2950923437895148,1.7333369499485123e-33
28,corner,0.0486536543881923,0.6170494598506864,0.0
28,fitness,0.430845284923051,0.00047285659704353534,0.0
28,fridge,0.5547768975294076,0.0004457612503103232,0.0
28,garage,0.17485329174123285,0.091873824356447,7.703719777548943e-34
28,handbag,0.3345729381862926,0.006448468611373925,0.0
28,library,-0.366797810461429,1.5193567184266188e-05,0.0
28,mall,-0.18027974730847415,0.03784701852705005,0.0
28,play,-0.14190977135208907,0.07720277343844653,3.0814879110195774e-33
28,restaurant,0.31330505525076713,0.023720448016877557,0.0
29,bakery,0.14112404526480948,0.21179466594641172,7.703719777548943e-34
29,closet,-0.017568081682461077,0.8643844422326274,1.2037062152420224e-35
29,corner,0.010214750132588477,0.9164374729995438,3.009265538105056e-36
29,fitness,0.364357559413768,0.0035985242482199425,3.0814879110195774e-33
29,fridge,0.515445611132855,0.0012944264833948708,0.0
29,garage,0.13418358287896628,0.19726213234172543,7.703719777548943e-34
29,handbag,0.309238826401351,0.012191373820046916,3.0814879110195774e-33
29,library,-0.2802232542113026,0.0011364994124575575,3.0814879110195774e-33
29,mall,-0.19188726022387753,0.02692060616031014,3.0814879110195774e-33
29,play,-0.19293211790694695,0.015819330757539427,6.933347799794049e-33
29,restaurant,0.34154467093860086,0.013209896713706261,1.232595164407831e-32
30,bakery,0.14397740946838677,0.2026082100418662,7.703719777548943e-34
30,closet,-0.047120661346704146,0.6467202681338875,4.81482486096809e-35
30,corner,0.04701573372745592,0.628965290361411,4.81482486096809e-35
30,fitness,0.42771500608536606,0.0005252897568678597,3.0814879110195774e-33
30,fridge,0.4816442098802984,0.002937470032829508,0.0
30,garage,0.12166658677900861,0.24274066136329295,1.925929944387236e-34
30,handbag,0.34368287886690874,0.0050625230177897655,0.0
30,library,-0.3757253758163529,9.017995269698986e-06,1.232595164407831e-32
30,mall,-0.2294188712415362,0.00789938352617542,6.933347799794049e-33
30,play,-0.14156908503596297,0.07792304949550474,0.0
30,restaurant,0.20566705090887524,0.1435433658775971,0.0
31,bakery,0.16929290475948228,0.13329623734195586,3.0814879110195774e-33
31,closet,-0.017683263864886035,0.8635038607663006,1.2037062152420224e-35
31,corner,0.0777072813463543,0.4240755523123714,0.0
31,fitness,0.3145673233353558,0.012772019473811706,0.0
31,fridge,0.40814801748992385,0.013468229252726142,1.232595164407831e-32
31,garage,0.15684834955161298,0.13111608262299945,7.703719777548943e-34
31,handbag,0.3558685630209339,0.0036220980155735826,0.0
31,library,-0.36975979728586744,1.2800780680173938e-05,3.0814879110195774e-33
31,mall,-0.17938267565251345,0.03882813716633854,3.0814879110195774e-33
31,play,-0.11180052595587174,0.1646753158951631,1.7333369499485123e-33
31,restaurant,0.2485089719923667,0.07565960167937341,3.0814879110195774e-33
32,bakery,0.17949136307238003,0.11113321160636135,0.0
32,closet,-0.07331835278656233,0.4754112632665447,1.925929944387236e-34
32,corner,-0.011832516793255771,0.9032629395644903,0.0
32,fitness,0.3272760693418104,0.009418932758665108,3.0814879110195774e-33
32,fridge,0.4236557212545347,0.010030870073676491,3.0814879110195774e-33
32,garage,0.12093517127351068,0.24560565885455055,0.0
32,handbag,0.2965606057597126,0.01644935541569491,3.0814879110195774e-33
32,library,-0.3124548609190109,0.00026485803964431553,3.0814879110195774e-33
32,mall,-0.25117570965751623,0.003542567950118722,0.0
32,play,-0.14443879366494564,0.07202239066408049,7.703719777548943e-34
32,restaurant,0.378816301033386,0.005617473894136905,1.232595164407831e-32
33,bakery,0.15874239689062367,0.15959811796046433,0.0
33,closet,-0.15124623572665774,0.13919016889612193,7.703719777548943e-34
33,corner,-0.0018346634501532997,0.9849651257125789,0.0
33,fitness,0.4107329582496141,0.000913377258663363,1.232595164407831e-32
33,fridge,0.4803765602236636,0.003024358862413778,1.232595164407831e-32
33,garage,0.05408957983632752,0.604611395377652,1.925929944387236e-34
33,handbag,0.3956513030218818,0.0011056485933086263,1.232595164407831e-32
33,library,-0.3441119406057465,5.344336453764853e-05,2.7733391199176196e-32
33,mall,-0.23605348255438907,0.006230976217244509,3.0814879110195774e-33
33,play,-0.19114649775839307,0.01683457181384283,3.0814879110195774e-33
33,restaurant,0.2752010225105207,0.048316760249041794,0.0
34,bakery,0.2523399556682872,0.023936141239710874,0.0
34,closet,-0.07182185270417074,0.48449153853486904,1.925929944387236e-34
34,corner,0.06623604955911648,0.4958183418414901,0.0
34,fitness,0.3751545045201099,0.002660904265373743,3.0814879110195774e-33
34,fridge,0.443954175211137,0.00668125798908898,3.0814879110195774e-33
34,garage,0.23184901734971183,0.024543342275108012,3.0814879110195774e-33
34,handbag,0.24651781658090405,0.04774928024077875,3.0814879110195774e-33
34,library,-0.28457213333213593,0.0009428815767003903,0.0
34,mall,-0.20274894845822458,0.019257587880239554,3.0814879110195774e-33
34,play,-0.12764334055611704,0.11229868234733749,7.703719777548943e-34
34,restaurant,0.29571695696133,0.03329854788343898,1.232595164407831e-32
35,bakery,0.07349394781557836,0.5170618197749539,0.0
35,closet,0.0011663890993553346,0.9909532352060655,4.70197740328915e-38
35,corner,0.03708544976353753,0.7031662901280613,0.0
35,fitness,0.33337924197469126,0.008101199744413064,3.0814879110195774e-33
35,fridge,0.4537636537638414,0.005441854003072518,4.930380657631324e-32
35,garage,0.10477387392017415,0.3148977612264443,7.703719777548943e-34
35,handbag,0.40732869364336916,0.0007583057961282554,1.232595164407831e-32
35,library,-0.37034860210819404,1.2369574158571476e-05,0.0
35,mall,-0.26932050107777916,0.0017198911275123727,3.0814879110195774e-33
35,play,-0.25078240820898723,0.001590200475585856,3.0814879110195774e-33
35,restaurant,0.2895680248075468,0.0373256231276085,0.0
36,bakery,0.1330376351095444,0.23942108851692503,7.703719777548943e-34
36,closet,-0.051092440843736854,0.6191864776108953,7.703719777548943e-34
36,corner,-0.05441138649160766,0.5759607423238768,0.0
36,fitness,0.3444883566034122,0.006110894336574421,3.0814879110195774e-33
36,fridge,0.48013929826371415,0.0030408678099395066,1.232595164407831e-32
36,garage,0.09354283374205664,0.3698442618614267,1.925929944387236e-34
36,handbag,0.4215063972711104,0.00047086482966936314,2.7733391199176196e-32
36,library,-0.3458705857692328,4.864332679756912e-05,3.0814879110195774e-33
36,mall,-0.2365540978220245,0.006118848894708195,6.933347799794049e-33
36,play,-0.1275450458989416,0.11257777609533937,3.0814879110195774e-33
36,restaurant,0.23881263473110398,0.08819308974718723,0.0
37,bakery,0.14878041924654128,0.18779410886543293,3.0814879110195774e-33
37,closet,0.021523354816251332,0.8342478940175784,1.2037062152420224e-35
37,corner,0.09110062355577042,0.348408553146931,7.703719777548943e-34
37,fitness,0.29817503829458897,0.01857906430842749,3.0814879110195774e-33
37,fridge,0.4091485762616295,0.01321985443887904,0.0
37,garage,0.10266684235338384,0.32478194722907394,7.703719777548943e-34
37,handbag,0.3730716361610244,0.002207727350978478,1.232595164407831e-32
37,library,-0.33295020054228674,9.586691014568819e-05,1.232595164407831e-32
37,mall,-0.16010552779497036,0.06563738072176728,0.0
37,play,-0.13557651390034442,0.09150108196611231,7.703719777548943e-34
37,restaurant,0.3038234353132301,0.028546508826567386,3.0814879110195774e-33
38,bakery,0.01699473995336744,0.8810612643135598,1.2037062152420224e-35
38,closet,-0.06268760433001919,0.5418631803750305,0.0
38,corner,0.012510507241838251,0.897749208431482,3.009265538105056e-36
38,fitness,0.20651599894133316,0.10730432102815082,6.933347799794049e-33
38,fridge,0.41635900571573664,0.011541737414311021,4.930380657631324e-32
38,garage,0.09699363282234191,0.3523705717317922,0.0
38,handbag,0.2830777525716791,0.02231770219126268,3.0814879110195774e-33
38,library,-0.30411819493520537,0.0003923562659829918,0.0
38,mall,-0.15936593693242196,0.06691007685954349,3.0814879110195774e-33
38,play,-0.1760711610326775,0.027902989249384492,0.0
38,restaurant,0.18913924019669015,0.179302812670252,7.703719777548943e-34
39,bakery,0.16315933857381057,0.14815378165304674,0.0
39,closet,0.017580513518416437,0.8642893913703189,0.0
39,corner,0.002384437599083671,0.9804605698651845,1.88079096131566e-37
39,fitness,0.5131128981167153,2.004526864775676e-05,1.232595164407831e-32
39,fridge,0.46083313785422336,0.004676466363211966,1.232595164407831e-32
39,garage,0.1664113437993043,0.10892817374544247,7.703719777548943e-34
39,handbag,0.2879089802212739,0.02003796639397566,0.0
39,library,-0.32465826403721215,0.00014588535944871827,3.0814879110195774e-33
39,mall,-0.20976137916415344,0.015381281397268276,3.0814879110195774e-33
39,play,-0.1991556119053976,0.01268588733632326,7.703719777548943e-34
39,restaurant,0.3691401294967044,0.0070804343669882384,3.0814879110195774e-33
40,bakery,0.12345622752704596,0.2752609015000107,1.7333369499485123e-33
40,closet,-0.07478213368135118,0.4666191719388063,1.925929944387236e-34
40,corner,-0.03490228620098251,0.7198914484752519,4.81482486096809e-35
40,fitness,0.4149090072829154,0.000799332384641991,0.0
40,fridge,0.39651369719713897,0.016657246906074653,4.930380657631324e-32
40,garage,0.2125210244634376,0.03973883394457339,3.0814879110195774e-33
40,handbag,0.35882683723118575,0.003332791025414284,3.0814879110195774e-33
40,library,-0.3131595994598911,0.00025606758400599034,0.0
40,mall,-0.17504534905440863,0.04387811343414746,7.703719777548943e-34
40,play,-0.1522071643113892,0.057848441507065376,0.0
40,restaurant,0.3495308092284458,0.011088354525628463,3.0814879110195774e-33
41,bakery,0.14043229421244083,0.21406553849956686,0.0
41,closet,-0.026000850555047715,0.8004214564124708,1.0833355937178202e-34
41,corner,0.02417493698048874,0.8038665475874129,4.81482486096809e-35
41,fitness,0.35623789006703677,0.004485829721738269,1.232595164407831e-32
41,fridge,0.44768292404738846,0.006184245927714463,3.0814879110195774e-33
41,garage,0.09646579792233072,0.3550095262152353,0.0
41,handbag,0.34773474501268453,0.0045356421265563066,3.0814879110195774e-33
41,library,-0.34975965925136326,3.9425239321544444e-05,0.0
41,mall,-0.15697892432595972,0.07115527654682342,3.0814879110195774e-33
41,play,-0.15963679172622378,0.04652358347349877,7.703719777548943e-34
41,restaurant,0.2389624181902857,0.08798785310327596,3.0814879110195774e-33
42,bakery,0.03971894224555844,0.726485884514016,4.81482486096809e-35
42,closet,0.02212817076199265,0.8296595144928007,1.925929944387236e-34
42,corner,-0.040474684284444874,0.6774822367773183,4.81482486096809e-35
42,fitness,0.38783635145811307,0.0018421537736254773,3.0814879110195774e-33
42,fridge,0.4659315057461222,0.0041839503718047585,4.930380657631324e-32
42,garage,0.09439392454190755,0.36548618315510983,7.703719777548943e-34
42,handbag,0.30747235345005736,0.012720522965167444,3.0814879110195774e-33
42,library,-0.3462811286839227,4.7582500409266e-05,2.7733391199176196e-32
42,mall,-0.21736474200130457,0.011962965764643929,7.703719777548943e-34
42,play,-0.13622504321536552,0.08994643421498519,0.0
42,restaurant,0.2696930643451043,0.053174393475763325,1.232595164407831e-32
43,bakery,0.08793134477278931,0.4379805692629476,0.0
43,closet,-0.07076201622299134,0.4909778051083592,0.0
43,corner,0.02668045524402517,0.7840125073733932,1.2037062152420224e-35
43,fitness,0.3932746168117579,0.001566380974495917,3.0814879110195774e-33
43,fridge,0.46762186161584873,0.0040308943516313206,4.930380657631324e-32
43,garage,0.09518514849589739,0.36146307024864854,1.925929944387236e-34
43,handbag,0.3650185975229457,0.0027928197259045225,2.7733391199176196e-32
43,library,-0.345207340565904,5.040406200368005e-05,2.7733391199176196e-32
43,mall,-0.15241338882373764,0.07988178177218141,3.0814879110195774e-33
43,play,-0.14398598887702674,0.07292859962715931,7.703719777548943e-34
43,restaurant,0.3194155593540169,0.020989406857926895,3.0814879110195774e-33
44,bakery,0.11350739835223723,0.31609871787867116,1.925929944387236e-34
44,closet,-0.07338521009961192,0.4750077504521244,0.0
44,corner,0.06347860272631908,0.5139681168887695,7.703719777548943e-34
44,fitness,0.3734362693327118,0.0027937513453002412,0.0
44,fridge,0.4694262272584071,0.003872891806464855,1.232595164407831e-32
44,garage,0.06729546961172428,0.5192803389704912,0.0
44,handbag,0.20969039849386,0.09364612513131208,6.933347799794049e-33
44,library,-0.3269275752708621,0.00013020437953156015,3.0814879110195774e-33
44,mall,-0.2181320458034448,0.011658153943304422,3.0814879110195774e-33
44,play,-0.13284915236140657,0.0982745000552622,7.703719777548943e-34
44,restaurant,0.37418502619356625,0.006280904620589364,0.0
45,bakery,0.17412576224845247,0.1224083983786655,3.0814879110195774e-33
45,closet,-0.09489259031819249,0.3551966428909771,1.925929944387236e-34
45,corner,-0.00681894721741104,0.944161191843171,7.52316384526264e-37
45,fitness,0.39745357317367647,0.0013802834833343512,1.232595164407831e-32
45,fridge,0.494364823974481,0.0021789795268295446,1.232595164407831e-32
45,garage,0.0023476114626165352,0.9820838714429089,1.88079096131566e-37
45,handbag,0.4352309079511174,0.00029090862134490103,3.0814879110195774e-33
45,library,-0.33284354886591044,9.639338093693396e-05,0.0
45,mall,-0.27428388895204375,0.0013990883046086627,0.0
45,play,-0.14594859598428483,0.0690665819347842,7.703719777548943e-34
45,restaurant,0.33096173368407744,0.01655016902535724,3.0814879110195774e-33
46,bakery,0.2664692639566366,0.01688352468758082,3.0814879110195774e-33
46,closet,-0.004307444420284096,0.966599435788269,3.009265538105056e-36
46,corner,-0.01728961459043108,0.8590359988080634,1.2037062152420224e-35
46,fitness,0.39956811861791774,0.0012939076643425419,1.232595164407831e-32
46,fridge,0.5188745047416422,0.0011855117635757614,0.0
46,garage,0.06559923923555105,0.5298888981185635,1.925929944387236e-34
46,handbag,0.2933425408894953,0.017713946676708902,0.0
46,library,-0.3212776259250086,0.00017253102855859098,0.0
46,mall,-0.2312425745712066,0.00740532370422916,6.933347799794049e-33
46,play,-0.20467453340902844,0.010376703419664816,3.0814879110195774e-33
46,restaurant,0.3589456308309333,0.008970108874875414,2.7733391199176196e-32
47,bakery,0.11273919619417726,0.3194063610069153,7.703719777548943e-34
47,closet,0.028981405695504673,0.7781024899632012,0.0
47,corner,0.05028130555196241,0.6053059880065932,0.0
47,fitness,0.4974023356031213,3.9073928153167344e-05,3.0814879110195774e-33
47,fridge,0.4108401466027628,0.012808739374868117,2.7733391199176196e-32
47,garage,0.1406885046062477,0.17621136929346776,7.703719777548943e-34
47,handbag,0.3331311143763755,0.006695929088046488,3.0814879110195774e-33
47,library,-0.31765818074304925,0.00020602795454319713,3.0814879110195774e-33
47,mall,-0.190640225759735,0.02794790499337827,6.933347799794049e-33
47,play,-0.18558248167624933,0.020369626145282423,3.0814879110195774e-33
47,restaurant,0.24755704575288662,0.07682387541111613,0.0
48,bakery,0.09080879425468852,0.42307810268848167,1.7333369499485123e-33
48,closet,-0.04918623774995694,0.632338453731322,1.925929944387236e-34
48,corner,0.026358047527939084,0.7865598432113963,1.2037062152420224e-35
48,fitness,0.28876650054996067,0.022833860915714602,3.0814879110195774e-33
48,fridge,0.45151660379162806,0.005706716206514237,2.7733391199176196e-32
48,garage,0.13563123856808312,0.19242756752461787,7.703719777548943e-34
48,handbag,0.27236075599304294,0.028169843186105215,1.232595164407831e-32
48,library,-0.3073438776897475,0.00033747406012661667,3.0814879110195774e-33
48,mall,-0.18899459354089268,0.02935454295901314,3.0814879110195774e-33
48,play,-0.19485339286988015,0.014786914310535082,7.703719777548943e-34
48,restaurant,0.21833449958361825,0.11994938266603461,0.0
49,bakery,0.07979517106842293,0.48168185729230517,1.925929944387236e-34
49,closet,-0.006911110200996006,0.9464344718986121,3.009265538105056e-36
49,corner,-0.02786422730729829,0.774679296082897,1.925929944387236e-34
49,fitness,0.38560226113495594,0.001967510958765679,0.0
49,fridge,0.47354068002842026,0.0035325480919850987,3.0814879110195774e-33
49,garage,0.1195720870122501,0.2510069850253359,1.925929944387236e-34
49,handbag,0.2896857308775141,0.01925099475365736,3.0814879110195774e-33
49,library,-0.3891006474539422,4.00835507965574e-06,0.0
49,mall,-0.14536362256797042,0.0950241709678825,0.0
49,play,-0.1628233178960872,0.04226716093389646,0.0
49,restaurant,0.32200109300681784,0.019916533248368534,3.0814879110195774e-33
50,bakery,0.08354332677215108,0.46126633628339064,1.925929944387236e-34
50,closet,-0.06118648570136187,0.5516007760032002,4.81482486096809e-35
50,corner,0.10048769166860404,0.30077681199645884,1.925929944387236e-34
50,fitness,0.3191620642927535,0.011456839419770673,1.232595164407831e-32
50,fridge,0.5386011889854795,0.0007020204057423605,1.232595164407831e-32
50,garage,0.06599750648959109,0.527388359642861,1.925929944387236e-34
50,handbag,0.21200421710518513,0.08999971915590373,6.933347799794049e-33
50,library,-0.3417799224824159,6.0494363728757495e-05,1.232595164407831e-32
50,mall,-0.16763282292750734,0.053773333371677313,0.0
50,play,-0.1137781504764754,0.15728662966922963,7.703719777548943e-34
50,restaurant,0.2831664044863822,0.04193686975384823,3.0814879110195774e-33
51,bakery,0.04522695188874813,0.6903651909778912,4.81482486096809e-35
51,closet,-0.13631813394120473,0.18305823493009013,7.703719777548943e-34
51,corner,-0.019803882668001347,0.8387965238892168,0.0
51,fitness,0.4411401034469918,0.0003321992658269987,3.0814879110195774e-33
51,fridge,0.410827580566766,0.012811753098148181,3.0814879110195774e-33
51,garage,0.22168632340924263,0.03176414357236552,7.703719777548943e-34
51,handbag,0.34362101089595803,0.005070969834121848,0.0
51,library,-0.32101271795188796,0.00017479948808783857,0.0
51,mall,-0.23426408553716968,0.006646860332504467,7.703719777548943e-34
51,play,-0.17494871451284105,0.028932109298106724,7.703719777548943e-34
51,restaurant,0.20780677771360034,0.13933287554791826,7.703719777548943e-34
52,bakery,0.014156773457492298,0.900812195977734,2.7083389842945504e-35
52,closet,-0.02850274261379629,0.7816752077477265,1.0833355937178202e-34
52,corner,0.038549641486126704,0.6920273926753279,4.81482486096809e-35
52,fitness,0.4499855456040724,0.00024306734000126184,1.232595164407831e-32
52,fridge,0.3744553003540697,0.024448585443166117,1.232595164407831e-32
52,garage,0.1273300728178025,0.22133794754515793,7.703719777548943e-34
52,handbag,0.36183668608497077,0.0030596984148142923,0.0
52,library,-0.3670217417153551,1.4998877468783366e-05,0.0
52,mall,-0.18379503531761665,0.034200916642083114,0.0
52,play,-0.09361400675621519,0.2450772833669325,1.7333369499485123e-33
52,restaurant,0.29321062001707726,0.03489418621356456,3.0814879110195774e-33
53,bakery,0.11727934845395609,0.300179021500679,3.0814879110195774e-33
53,closet,-0.04032580286543555,0.6949296513960499,4.81482486096809e-35
53,corner,0.041332237033957255,0.6710403543251545,1.925929944387236e-34
53,fitness,0.41892098006147455,0.000702062357848809,1.232595164407831e-32
53,fridge,0.31118476968006403,0.0646916865425373,0.0
53,garage,0.1351057192503686,0.19417257862166293,7.703719777548943e-34
53,handbag,0.35559006344369687,0.003650449364801113,1.232595164407831e-32
53,library,-0.3760941518333362,8.822814837062956e-06,3.0814879110195774e-33
53,mall,-0.22506617451214092,0.00919829331975204,6.933347799794049e-33
53,play,-0.23577834259180236,0.0030457964235433683,7.703719777548943e-34
53,restaurant,0.24320889467757084,0.08232309391415012,7.703719777548943e-34
54,bakery,0.13671708018205622,0.22655649778555817,0.0
54,closet,-0.06361058172303216,0.5359181292664061,1.925929944387236e-34
54,corner,-0.04864959823285216,0.6170788475561905,1.925929944387236e-34
54,fitness,0.311512804350603,0.013716681490705616,0.0
54,fridge,0.4929778737290883,0.0022523567283007618,0.0
54,garage,0.06879176257399179,0.5100125903746711,1.925929944387236e-34
54,handbag,0.33794529996795847,0.005900777639331874,1.232595164407831e-32
54,library,-0.33992220102175674,6.672453691416063e-05,0.0
54,mall,-0.2700712716617019,0.0016674236709534516,0.0
54,play,-0.24749209880860984,0.0018399416051523127,3.0814879110195774e-33
54,restaurant,0.2263807825309942,0.10657085804589549,7.703719777548943e-34
55,bakery,0.09142779117176197,0.41991077283057554,7.703719777548943e-34
55,closet,-0.047609655956230644,0.6433035755332802,4.333342374871281e-34
55,corner,0.014148708495401752,0.8844471730266588,3.009265538105056e-36
55,fitness,0.3867211238260804,0.0019038071873132873,0.0
55,fridge,0.49579661639458117,0.0021054323571387287,2.7733391199176196e-32
55,garage,0.07763763953825628,0.457011341667551,1.925929944387236e-34
55,handbag,0.27768162690419823,0.025120530649382824,3.0814879110195774e-33
55,library,-0.27668728825687205,0.0013199878230684367,3.0814879110195774e-33
55,mall,-0.2225597810876487,0.010028787172636092,3.0814879110195774e-33
55,play,-0.17517713717172023,0.0287200960259557,0.0
55,restaurant,0.24560016849087235,0.07926172629759003,3.0814879110195774e-33
56,bakery,0.03677372583594639,0.7460537631884232,0.0
56,closet,-0.030976150628583603,0.7632642448019576,4.81482486096809e-35
56,corner,0.0005597883431826301,0.9954123505894292,1.1754943508222875e-38
56,fitness,0.3567988363576515,0.004418837649308912,1.232595164407831e-32
56,fridge,0.49364162269062084,0.002216975525339554,0.0
56,garage,0.09793933794017995,0.34767307417830573,7.703719777548943e-34
56,handbag,0.2467918404092959,0.047494448988827175,6.933347799794049e-33
56,library,-0.4189969844399042,5.728300800410381e-07,1.232595164407831e-32
56,mall,-0.2889410845889879,0.0007434886327653207,3.0814879110195774e-33
56,play,-0.200577394591923,0.0120515679844715,3.0814879110195774e-33
56,restaurant,0.1971103909740905,0.16132928660644186,3.0814879110195774e-33
57,bakery,0.06349363561048695,0.5757990914008685,0.0
57,closet,-0.04503783830411154,0.6613548579580523,0.0
57,corner,0.02737500441244941,0.7785326685209293,1.0833355937178202e-34
57,fitness,0.41468707083136125,0.0008050529894680836,3.0814879110195774e-33
57,fridge,0.4095043453379436,0.013132476613876131,1.232595164407831e-32
57,garage,0.14844288620537416,0.15332793124879468,7.703719777548943e-34
57,handbag,0.3948859540981589,0.0011327801129378536,0.0
57,library,-0.3761532528436011,8.791908098030235e-06,0.0
57,mall,-0.2103956207716829,0.01506676460928983,3.0814879110195774e-33
57,play,-0.152043991641148,0.05812060244761611,7.703719777548943e-34
57,restaurant,0.22545391145827337,0.10805078008333192,0.0
58,bakery,-0.013576652578871275,0.9048573944827021,3.009265538105056e-36
58,closet,0.0012880551658956544,0.9900096132597792,1.88079096131566e-37
58,corner,0.01842837734484064,0.8498569925250028,0.0
58,fitness,0.34100960290365206,0.006682083125771747,1.232595164407831e-32
58,fridge,0.4099178207765832,0.013031539043141156,3.0814879110195774e-33
58,garage,0.08208771570173423,0.43154537394825576,1.925929944387236e-34
58,handbag,0.43376518959662064,0.000306560406639489,0.0
58,library,-0.35831914792015207,2.4585868467881143e-05,2.7733391199176196e-32
58,mall,-0.27107078244556726,0.001599831970595538,0.0
58,play,-0.15961425170995458,0.04655491898047049,7.703719777548943e-34
58,restaurant,0.2879086326180203,0.03847873305529662,3.0814879110195774e-33
59,bakery,0.0827075202804324,0.4657773127286928,0.0
59,closet,-0.12472783806950465,0.22350464302676737,1.7333369499485123e-33
59,corner,-0.04948737857502877,0.6110218399822435,1.925929944387236e-34
59,fitness,0.42313786999872754,0.0006114939420138148,3.0814879110195774e-33
59,fridge,0.41848170964606846,0.011083535992105875,1.232595164407831e-32
59,garage,0.1790298256543808,0.08425523317207938,7.703719777548943e-34
59,handbag,0.377627358740956,0.001927696632595704,1.232595164407831e-32
59,library,-0.3793673996368385,7.256911474722748e-06,1.232595164407831e-32
59,mall,-0.2055258781303706,0.017631819282319976,7.703719777548943e-34
59,play,-0.25265148038652,0.0014625005853897298,3.0814879110195774e-33
59,restaurant,0.24609164430502448,0.07864379177429424,7.703719777548943e-34
60,bakery,0.14693474798175232,0.19339117166889705,3.0814879110195774e-33
60,closet,-0.07730461256741904,0.4516786832347601,0.0
60,corner,0.0601971420404422,0.5360025147348106,0.0
60,fitness,0.38212115184727924,0.00217808711704038,3.0814879110195774e-33
60,fridge,0.4160969626156191,0.011599398488236646,3.0814879110195774e-33
60,garage,0.10402419455438851,0.3183920202344994,1.7333369499485123e-33
60,handbag,0.3126731228421194,0.0112168974823423,3.0814879110195774e-33
60,library,-0.32279884605164527,0.00016002556719379324,0.0
60,mall,-0.20326880677550416,0.018943736365351575,0.0
60,play,-0.1420897822729276,0.07682437062607295,7.703719777548943e-34
60,restaurant,0.24991571522522182,0.07396466414338812,7.703719777548943e-34
61,bakery,0.18370791236637604,0.10285063819138728,0.0
61,closet,-0.07986727153225179,0.4367768088103444,7.703719777548943e-34
61,corner,0.022973391706639635,0.8134330313420259,0.0
61,fitness,0.3222397776236859,0.010642896183425796,0.0
61,fridge,0.46030433428667344,0.004730307260081852,1.232595164407831e-32
61,garage,0.1829844066451239,0.07751344038773898,6.933347799794049e-33
61,handbag,0.2326083301448762,0.06223384870396431,6.933347799794049e-33
61,library,-0.39180153502089987,3.388159784747592e-06,3.0814879110195774e-33
61,mall,-0.1948045044101421,0.024642551753989293,3.0814879110195774e-33
61,play,-0.13873584958864194,0.08412511249026133,0.0
61,restaurant,0.2760211355086585,0.0476254210884196,0.0
62,bakery,0.1145231241344239,0.3117592910387613,1.925929944387236e-34
62,closet,-0.020718149551275346,0.8403651123347873,0.0
62,corner,0.01440975859800737,0.8823303363855288,0.0
62,fitness,0.325974282251755,0.00972295522904789,0.0
62,fridge,0.4537631794231404,0.00544190877642589,1.232595164407831e-32
62,garage,0.040640921733747316,0.6973375279900342,0.0
62,handbag,0.3695383267297195,0.0024493917761761502,3.0814879110195774e-33
62,library,-0.34567465773017153,4.915737116284004e-05,0.0
62,mall,-0.20337418344278793,0.01888065959715184,3.0814879110195774e-33
62,play,-0.09894362749409778,0.2191151521948281,0.0
62,restaurant,0.3093418930373557,0.02564689839826811,3.0814879110195774e-33
63,bakery,0.11035482070077265,0.32981362323231567,0.0
63,closet,-0.08830948240878582,0.3897038282749046,7.703719777548943e-34
63,corner,-0.03563973047570446,0.7142266440866524,0.0
63,fitness,0.24855379861004448,0.051418068346285574,0.0
63,fridge,0.4446588129487239,0.006584792984596273,0.0
63,garage,0.017529434867728018,0.8668247526762521,4.81482486096809e-35
63,handbag,0.3406653048482725,0.00548927672185288,3.0814879110195774e-33
63,library,-0.31852477644424915,0.00019749880978329128,3.0814879110195774e-33
63,mall,-0.1916601773394858,0.027105238857615073,0.0
63,play,-0.1824917382365099,0.022597491859035288,3.0814879110195774e-33
63,restaurant,0.22665907546780004,0.10612956637738077,3.0814879110195774e-33
64,bakery,0.10958845960473976,0.33320383216878624,1.7333369499485123e-33
64,closet,0.002572666872417626,0.9800474683965967,0.0
64,corner,-0.12803084365997075,0.1866698693309685,7.703719777548943e-34
64,fitness,0.2678700500105998,0.035298212121998816,1.232595164407831e-32
64,fridge,0.4443398407021728,0.00662831118602155,3.0814879110195774e-33
64,garage,0.16841168862090006,0.10467986769346654,7.703719777548943e-34
64,handbag,0.4193747021102791,0.0005065161276207496,3.0814879110195774e-33
64,library,-0.3568234240897994,2.6726970599128834e-05,2.7733391199176196e-32
64,mall,-0.14276561303460866,0.10114653013377337,0.0
64,play,-0.15470662056554144,0.053809003537655546,7.703719777548943e-34
64,restaurant,0.28311576664392707,0.041975127851265545,0.0
65,bakery,0.06423230063993995,0.5713569037171777,1.925929944387236e-34
65,closet,0.043289199031951046,0.6737407836867776,4.333342374871281e-34
65,corner,0.0043952955666264745,0.963990971267711,7.52316384526264e-37
65,fitness,0.4425487825153204,0.00031625564323146737,2.7733391199176196e-32
65,fridge,0.31982406556758847,0.05723607089098644,1.232595164407831e-32
65,garage,0.14920142821527158,0.15121480946418955,7.703719777548943e-34
65,handbag,0.30965254210722515,0.012070232371673317,3.0814879110195774e-33
65,library,-0.3567502797114002,2.6836043360049914e-05,3.0814879110195774e-33
65,mall,-0.23115371974941137,0.00742874501473417,7.703719777548943e-34
65,play,-0.2243775430320015,0.0048635924357555696,3.0814879110195774e-33
65,restaurant,0.2038984406285549,0.14709442224182512,3.0814879110195774e-33
66,bakery,0.14743813551836668,0.1918528541470102,7.703719777548943e-34
66,closet,-0.033422458824055375,0.7451836621075555,0.0
66,corner,0.07590316270448079,0.43494523808516317,0.0
66,fitness,0.37468100598564485,0.0026969396948630783,2.7733391199176196e-32
66,fridge,0.45506748050361745,0.005293081483943239,4.930380657631324e-32
66,garage,0.02452605023525151,0.8144861735119412,4.81482486096809e-35
66,handbag,0.22843260733974532,0.06721564576907806,3.0814879110195774e-33
66,library,-0.35666010757441136,2.6971083659514964e-05,3.0814879110195774e-33
66,mall,-0.19388772159934223,0.025339977724394065,0.0
66,play,-0.2193427857113502,0.005938783429441082,7.703719777548943e-34
66,restaurant,0.25352089665777255,0.06975809819959643,1.232595164407831e-32
67,bakery,0.14091440119424184,0.21248107258530505,7.703719777548943e-34
67,closet,0.028386706042940097,0.7825419853538332,1.0833355937178202e-34
67,corner,-0.014105261722347436,0.8847995591611049,3.009265538105056e-36
67,fitness,0.2695488076671443,0.03412245661137419,0.0
67,fridge,0.4821079802890119,0.0029062294348407174,1.232595164407831e-32
67,garage,0.12211038150606476,0.2410136013800259,0.0
67,handbag,0.22044584008455237,0.07763365018179337,3.0814879110195774e-33
67,library,-0.3020458980686339,0.0004318452220815315,3.0814879110195774e-33
67,mall,-0.28443038696363687,0.000906463695639892,0.0
67,play,-0.1407123197685225,0.07975837886705474,7.703719777548943e-34
67,restaurant,0.420824214542095,0.001893285660789884,1.232595164407831e-32
68,bakery,0.14872565089314851,0.18795848946256777,7.703719777548943e-34
68,closet,-0.07089520488445655,0.49016016778147553,1.925929944387236e-34
68,corner,0.0498076575163991,0.6087131629344326,0.0
68,fitness,0.38743332876262965,0.0018642247683271997,1.232595164407831e-32
68,fridge,0.4409252500788005,0.007109854731861393,2.7733391199176196e-32
68,garage,0.08694755439552126,0.404682124470203,7.703719777548943e-34
68,handbag,0.31380192980937877,0.010911696948207799,0.0
68,library,-0.3800471418673393,6.966509679109287e-06,0.0
68,mall,-0.13270479329575496,0.12782801566417382,7.703719777548943e-34
68,play,-0.12097481017026859,0.13249037119544543,1.925929944387236e-34
68,restaurant,0.24853100846944906,0.07563281577671152,3.0814879110195774e-33
69,bakery,0.17006595589115578,0.13150692835719732,7.703719777548943e-34
69,closet,-0.018082133322281282,0.8604557523144223,1.2037062152420224e-35
69,corner,-0.022075180524422058,0.8206024731354201,1.2037062152420224e-35
69,fitness,0.45429877937950963,0.0002080751464244598,3.0814879110195774e-33
69,fridge,0.4371989465880098,0.0076692713809422995,2.7733391199176196e-32
69,garage,0.11506531076520059,0.2694432186039582,1.925929944387236e-34
69,handbag,0.3107844982402845,0.011744087598757377,0.0
69,library,-0.38133134425131937,6.447598406087783e-06,1.232595164407831e-32
69,mall,-0.22462122077086738,0.009341142130845985,7.703719777548943e-34
69,play,-0.07198575364964818,0.37184111076063864,1.925929944387236e-34
69,restaurant,0.3149039537246966,0.022978466515885674,0.0
70,bakery,0.08304141075010514,0.46397237795586377,7.703719777548943e-34
70,closet,0.04063926742729871,0.6926768423504998,4.81482486096809e-35
70,corner,-0.003286715224515687,0.9730691851890438,0.0
70,fitness,0.46786596551212106,0.0001258760679006093,4.930380657631324e-32
70,fridge,0.44999453983420806,0.00589236376796505,3.0814879110195774e-33
70,garage,0.058683984087473696,0.5742289944140865,4.81482486096809e-35
70,handbag,0.29646660647001155,0.016485166004259852,1.232595164407831e-32
70,library,-0.3070124419594257,0.00034276686492834763,3.0814879110195774e-33
70,mall,-0.1270514793490023,0.1450305812421114,7.703719777548943e-34
70,play,-0.0763375693136608,0.3435517976009588,1.925929944387236e-34
70,restaurant,0.35165633362932713,0.01057580660146366,3.0814879110195774e-33
71,bakery,0.056292148725981435,0.6199214889355007,1.925929944387236e-34
71,closet,-0.0032405769676732924,0.9748689485145281,4.70197740328915e-36
71,corner,0.03019442724290568,0.756401932728925,0.0
71,fitness,0.3083336479078252,0.014763160544290731,1.232595164407831e-32
71,fridge,0.380485504573662,0.022067401321109018,1.232595164407831e-32
71,garage,0.01372686426036043,0.895528214662974,2.7083389842945504e-35
71,handbag,0.2594149919800916,0.03690994299723461,1.232595164407831e-32
71,library,-0.3795361506834949,7.183767857366048e-06,1.232595164407831e-32
71,mall,-0.23253618594307118,0.007071678472553742,3.0814879110195774e-33
71,play,-0.21209128848500294,0.007860027724207599,0.0
71,restaurant,0.33237451246037214,0.016066382977948553,1.232595164407831e-32
72,bakery,0.18968242009794348,0.09194882781743892,6.933347799794049e-33
72,closet,-0.06277159977754423,0.5413208151875537,0.0
72,corner,0.04773741391239469,0.6237030989906123,0.0
72,fitness,0.3984584556857534,0.001338609630825305,1.232595164407831e-32
72,fridge,0.40480721888114723,0.014326242479568886,1.232595164407831e-32
72,garage,0.12884372512384376,0.21585024074816594,7.703719777548943e-34
72,handbag,0.27574929025700795,0.02619399550693082,0.0
72,library,-0.37861019745185176,7.593865514620322e-06,1.232595164407831e-32
72,mall,-0.2320089026948339,0.007206028617491002,0.0
72,play,-0.20115726871135844,0.011800961785603782,7.703719777548943e-34
72,restaurant,0.23926370126219965,0.08757615946180626,0.0
73,bakery,0.049827010095079005,0.6607158751022464,0.0
73,closet,0.034726838351995075,0.7355985078998863,0.0
73,corner,0.07008248304059327,0.47107531251678747,1.925929944387236e-34
73,fitness,0.3415379613456188,0.006592425727790685,2.7733391199176196e-32
73,fridge,0.5004819469529351,0.0018797260616294925,4.930380657631324e-32
73,garage,0.17098435444112395,0.09940760122562213,3.0814879110195774e-33
73,handbag,0.28171853927176527,0.02299742207041807,1.232595164407831e-32
73,library,-0.3099451194476902,0.0002984844778517838,3.0814879110195774e-33
73,mall,-0.18847750910426492,0.029808779088022624,3.0814879110195774e-33
73,play,-0.2884591892939315,0.0002603920013519525,3.0814879110195774e-33
73,restaurant,0.20760564442880086,0.13972468864584323,3.0814879110195774e-33
74,bakery,0.0816426471600093,0.4715592412530697,7.703719777548943e-34
74,closet,-0.026364330465526664,0.7976906530261849,1.2037062152420224e-35
74,corner,0.06486740125881432,0.5047845408161278,7.703719777548943e-34
74,fitness,0.3948406858552467,0.0014941548010579007,2.7733391199176196e-32
74,fridge,0.526171387608731,0.0009802439182901798,0.0
74,garage,0.13780786574163217,0.18532069070717855,7.703719777548943e-34
74,handbag,0.32934876685093,0.007385093765081832,1.232595164407831e-32
74,library,-0.3404208924493241,6.499563546896847e-05,3.0814879110195774e-33
74,mall,-0.22633662686304024,0.008800976502278863,1.232595164407831e-32
74,play,-0.09712129554509899,0.22776263529067853,0.0
74,restaurant,0.2092776673600782,0.1364924339290131,6.933347799794049e-33
75,bakery,0.0903206341606578,0.4255856018106049,7.703719777548943e-34
75,closet,-0.03534156333835434,0.7310951422479568,1.925929944387236e-34
75,corner,-0.02673707706130559,0.783565374306922,1.2037062152420224e-35
75,fitness,0.3487716053129558,0.005466811209968754,0.0
75,fridge,0.48302105811371154,0.0028455674723859028,4.930380657631324e-32
75,garage,0.15062947057448425,0.1472959483810099,0.0
75,handbag,0.37791615012135743,0.0019110684167294547,0.0
75,library,-0.35375690284828115,3.1676142482178264e-05,0.0
75,mall,-0.18044207697214731,0.03767172635961073,3.0814879110195774e-33
75,play,-0.09404929272424009,0.24288001683934138,1.925929944387236e-34
75,restaurant,0.24996521828746152,0.07390557232721955,6.933347799794049e-33
76,bakery,0.18109312991533047,0.10792807277545109,3.0814879110195774e-33
76,closet,-0.041149651877147475,0.6890145326959023,4.81482486096809e-35
76,corner,0.028125130293268453,0.7726265173766029,0.0
76,fitness,0.4760338053113258,9.205834081161738e-05,1.232595164407831e-32
76,fridge,0.47753590039151556,0.0032272328710289603,0.0
76,garage,0.07449472079633143,0.4754858207447573,7.703719777548943e-34
76,handbag,0.28840481233355214,0.019815640103378867,1.232595164407831e-32
76,library,-0.29932962810953967,0.0004891635673610485,0.0
76,mall,-0.14011513086657681,0.10770838439256109,0.0
76,play,-0.2789507867806278,0.0004213525516652776,3.0814879110195774e-33
76,restaurant,0.24637386634840192,0.07829067450120751,3.0814879110195774e-33
77,bakery,0.09424749480927752,0.40565665658853756,1.925929944387236e-34
77,closet,0.0004159256439162886,0.9967739318454896,2.644862289350147e-38
77,corner,0.038395937343242884,0.6931936722963701,4.81482486096809e-35
77,fitness,0.3505263815631749,0.005220692914626083,3.0814879110195774e-33
77,fridge,0.4049459081704651,0.014289729004913024,3.0814879110195774e-33
77,garage,0.1680180560933087,0.10550546813108178,3.0814879110195774e-33
77,handbag,0.3654668815333572,0.0027569376390603408,3.0814879110195774e-33
77,library,-0.31036490323067795,0.00029259798831858704,3.0814879110195774e-33
77,mall,-0.16128761982352743,0.06364424132191306,0.0
77,play,-0.1403361141148285,0.08057518942311245,7.703719777548943e-34
77,restaurant,0.3296016637123483,0.017027568725956826,0.0
78,bakery,0.24082608675039108,0.031405839373152056,7.703719777548943e-34
78,closet,-0.08426722511359316,0.4118525347985301,7.703719777548943e-34
78,corner,-0.05470424036732879,0.5739053303696324,0.0
78,fitness,0.47891401128633787,8.228571661668293e-05,4.930380657631324e-32
78,fridge,0.4744256783868069,0.0034628359934837606,2.7733391199176196e-32
78,garage,0.10642364640811343,0.3072958118374508,7.703719777548943e-34
78,handbag,0.2763953608149611,0.025830860420215863,0.0
78,library,-0.37449380210649474,9.699787704640975e-06,1.232595164407831e-32
78,mall,-0.17907742662082163,0.03916681827426396,3.0814879110195774e-33
78,play,-0.1911395449394863,0.016838633118147872,7.703719777548943e-34
78,restaurant,0.2328722203110936,0.09663868913033989,6.933347799794049e-33
79,bakery,0.19112916984335873,0.08945097837516405,3.0814879110195774e-33
79,closet,-0.12007339942244216,0.24139817598826002,4.8148248609680896e-33
79,corner,-0.07596948399650011,0.43454287134502434,7.703719777548943e-34
79,fitness,0.3293330863425664,0.008955374350733862,3.0814879110195774e-33
79,fridge,0.49618891618185157,0.0020856642101894935,2.7733391199176196e-32
79,garage,0.11535109762648758,0.26824768150808354,3.0814879110195774e-33
79,handbag,0.337128433264936,0.006029543785459691,3.0814879110195774e-33
79,library,-0.3415848633133394,6.112198366986742e-05,3.0814879110195774e-33
79,mall,-0.21936692946778677,0.011181887280328533,1.232595164407831e-32
79,play,-0.2302944927456844,0.0038252596640833297,3.0814879110195774e-33
79,restaurant,0.2466852380228587,0.07790253819178229,7.703719777548943e-34
80,bakery,0.1461050584178676,0.19594599877512012,7.703719777548943e-34
80,closet,-0.05824870061852108,0.5708992222017,4.81482486096809e-35
80,corner,-0.04492468411627143,0.6443168211850434,1.925929944387236e-34
80,fitness,0.4781991891525238,8.461769122625284e-05,2.7733391199176196e-32
80,fridge,0.4461746157408669,0.006381324295589196,0.0
80,garage,0.13073419293408556,0.20913266863547447,3.0814879110195774e-33
80,handbag,0.2902286542938056,0.01901584095345434,3.0814879110195774e-33
80,library,-0.33737017520285617,7.626570004659722e-05,0.0
80,mall,-0.2218878681165615,0.010262355102708457,7.703719777548943e-34
80,play,-0.15995018458622767,0.04608971788382588,0.0
80,restaurant,0.1973184684192859,0.16087847531716365,7.703719777548943e-34
81,bakery,0.14457099205944715,0.20073348886149206,7.703719777548943e-34
81,closet,0.0190579232918028,0.8530076001155499,4.81482486096809e-35
81,corner,0.017267424552773844,0.8592150526218746,0.0
81,fitness,0.4002626796781954,0.0012666156002579501,7.703719777548943e-32
81,fridge,0.4453270743682805,0.006494414971342945,1.232595164407831e-32
81,garage,0.08476401220243394,0.4166281006540272,0.0
81,handbag,0.3547494128016131,0.00373722583914139,3.0814879110195774e-33
81,library,-0.28314856370463426,0.0010026537394298583,3.0814879110195774e-33
81,mall,-0.17944638867947554,0.038757757162558505,7.703719777548943e-34
81,play,-0.11352230161313358,0.15822825710957913,0.0
81,restaurant,0.21977140733175068,0.11747113393080862,3.0814879110195774e-33
82,bakery,0.012214912436750719,0.9143621822418166,0.0
82,closet,-0.04150680511791183,0.6864560001985682,4.81482486096809e-35
82,corner,0.022097585311198775,0.8204234576796596,1.0833355937178202e-34
82,fitness,0.4107167203975981,0.0009138480059121189,0.0
82,fridge,0.5144346821039911,0.0013281760432055283,4.930380657631324e-32
82,garage,0.12020827437837579,0.24847598166953852,7.703719777548943e-34
82,handbag,0.4409016867270809,0.00023698827853150902,1.232595164407831e-32
82,library,-0.3271514095096376,0.00012874588707254342,3.0814879110195774e-33
82,mall,-0.23535482192943669,0.006390517611882637,7.703719777548943e-34
82,play,-0.13481192806597608,0.09336132609032705,7.703719777548943e-34
82,restaurant,0.3247426311341721,0.018829990766339552,3.0814879110195774e-33
83,bakery,0.12727727526591218,0.2605599995765217,0.0
83,closet,-0.10668303800105,0.2983135545832027,1.7333369499485123e-33
83,corner,0.0488132962659249,0.6158933011427368,4.81482486096809e-35
83,fitness,0.313923369683479,0.012966364946924368,3.0814879110195774e-33
83,fridge,0.46065019320450795,0.004695032906517348,2.7733391199176196e-32
83,garage,0.1135516350484109,0.27583532280551476,7.703719777548943e-34
83,handbag,0.3773213860677603,0.0019454554472280604,1.232595164407831e-32
83,library,-0.344238212948311,5.308445431131644e-05,3.0814879110195774e-33
83,mall,-0.2675486555619073,0.0018497174899610083,3.0814879110195774e-33
83,play,-0.10529008180160887,0.1908273801544265,1.7333369499485123e-33
83,restaurant,0.25689970410327284,0.06599067582262763,3.0814879110195774e-33
84,bakery,0.21115378461390033,0.06008744090928471,0.0
84,closet,0.024183832219483753,0.8141080059451656,1.2037062152420224e-35
84,corner,0.07903610374063023,0.4161706369090177,0.0
84,fitness,0.36947231150940957,0.003122993529365753,0.0
84,fridge,0.5027254164562791,0.0017793743950377632,0.0
84,garage,0.10450770839127337,0.3161355108636623,3.0814879110195774e-33
84,handbag,0.39258082046251713,0.0012181635585594252,1.232595164407831e-32
84,library,-0.3009337011664419,0.00045452089345473146,3.0814879110195774e-33
84,mall,-0.19688210608578155,0.023122646174491165,3.0814879110195774e-33
84,play,-0.178382598201332,0.025881849950920063,7.703719777548943e-34
84,restaurant,0.32176689252401713,0.020011764152191726,0.0
85,bakery,0.1309466848214412,0.24695272912501826,0.0
85,closet,0.037463010049443204,0.7156245765360649,4.81482486096809e-35
85,corner,0.03842884772112419,0.692943893802667,4.81482486096809e-35
85,fitness,0.3804245659446029,0.00228783418317792,3.0814879110195774e-33
85,fridge,0.4316198718081309,0.008577063557960674,3.0814879110195774e-33
85,garage,0.20608698422367888,0.04628335213666537,7.703719777548943e-34
85,handbag,0.39021444886487466,0.0013118075496550935,3.0814879110195774e-33
85,library,-0.44326226207624714,1.0224675814321882e-07,2.7733391199176196e-32
85,mall,-0.2932645627967657,0.0006129659828519874,0.0
85,play,-0.20496133696985575,0.01026754197981805,0.0
85,restaurant,0.3049310717235402,0.02794352856402145,3.0814879110195774e-33
86,bakery,0.0039579443531452705,0.9722042148634196,0.0
86,closet,0.0035910128539440853,0.9721523106723029,7.52316384526264e-37
86,corner,0.04516440942397366,0.6425490983003059,0.0
86,fitness,0.2887031067024625,0.022865115353516055,0.0
86,fridge,0.48153951479125245,0.0029445628590983185,1.232595164407831e-32
86,garage,0.2100806596741853,0.04212385947237954,7.703719777548943e-34
86,handbag,0.29882168418588173,0.015607831856171301,3.0814879110195774e-33
86,library,-0.3554691256346724,2.8815665508923954e-05,2.7733391199176196e-32
86,mall,-0.1532114424414609,0.07829726162985158,0.0
86,play,-0.23580223167938322,0.0030427404322912826,7.703719777548943e-34
86,restaurant,0.3843091381285896,0.004910748703477123,1.232595164407831e-32
87,bakery,0.11343512253134072,0.3164089723503051,0.0
87,closet,-0.030271086779158504,0.7684995149380014,4.81482486096809e-35
87,corner,0.06828957623042191,0.48252422155752495,7.703719777548943e-34
87,fitness,0.34284012257445556,0.006375948154722779,2.7733391199176196e-32
87,fridge,0.4721192399537447,0.003647067736462962,1.232595164407831e-32
87,garage,0.22761248814382623,0.027362706389625454,7.703719777548943e-34
87,handbag,0.29454759085896715,0.017230991071055145,3.0814879110195774e-33
87,library,-0.33831380193794985,7.259823720071337e-05,3.0814879110195774e-33
87,mall,-0.1830270500170591,0.03497107129306635,0.0
87,play,-0.20296210709138948,0.01105000767217014,7.703719777548943e-34
87,restaurant,0.3117112928306726,0.024479998043155336,3.0814879110195774e-33
88,bakery,0.13951117581713948,0.2171160324037495,7.703719777548943e-34
88,closet,0.008349072604465001,0.9353113335259338,1.2037062152420224e-35
88,corner,-0.021031131793619647,0.8289545462564133,4.81482486096809e-35
88,fitness,0.4243145809060395,0.0005881861675237072,1.232595164407831e-32
88,fridge,0.4721993273377189,0.003640530806733573,3.0814879110195774e-33
88,garage,0.18032605415863895,0.08199582813961996,6.933347799794049e-33
88,handbag,0.4024409644109732,0.0008894353571143614,1.232595164407831e-32
88,library,-0.26353362629859306,0.002264653345284085,0.0
88,mall,-0.28662097174256124,0.0008236164073625992,0.0
88,play,-0.17359239480937189,0.03021866445961175,0.0
88,restaurant,0.28468055403882614,0.04080604612075071,0.0
89,bakery,0.08124098688914866,0.4737501672369805,1.925929944387236e-34
89,closet,-0.07256016905645234,0.4800001532307574,1.925929944387236e-34
89,corner,0.006234926882970756,0.948936858104162,0.0
89,fitness,0.3127360950291952,0.013331374584938441,3.0814879110195774e-33
89,fridge,0.4739664559682232,0.0034988586873901674,0.0
89,garage,0.08250319283615927,0.42920980257438757,7.703719777548943e-34
89,handbag,0.29039062939732324,0.01894616189511665,1.232595164407831e-32
89,library,-0.34946214099504586,4.006797328943062e-05,3.0814879110195774e-33
89,mall,-0.20990442978941432,0.015309848811038591,0.0
89,play,-0.1662514721594776,0.03805722242416822,7.703719777548943e-34
89,restaurant,0.26687949222771573,0.0558042656982236,0.0
90,bakery,0.13186084744461804,0.24364011689898485,0.0
90,closet,-0.06718856022596667,0.5131816347898999,1.925929944387236e-34
90,corner,0.028196716507184215,0.7720635521200698,4.81482486096809e-35
90,fitness,0.3026184746585642,0.016817364245785192,1.232595164407831e-32
90,fridge,0.42544489092996557,0.009687222500599512,2.7733391199176196e-32
90,garage,0.16850884698381308,0.10447686723494563,6.933347799794049e-33
90,handbag,0.3353095451296855,0.006325171389670397,1.232595164407831e-32
90,library,-0.3478576741216437,4.370691779580294e-05,1.232595164407831e-32
90,mall,-0.18858659120859003,0.029712461218853656,7.703719777548943e-34
90,play,-0.17433053204664756,0.02951258500572029,6.933347799794049e-33
90,restaurant,0.32813458602087914,0.01755561313825741,3.0814879110195774e-33
91,bakery,0.09941484601983751,0.3802829540888234,1.7333369499485123e-33
91,closet,-0.07734404130089732,0.45144728272986145,1.925929944387236e-34
91,corner,-0.06697685512480288,0.49100041223392177,1.925929944387236e-34
91,fitness,0.3353732992984768,0.007707034474663003,1.232595164407831e-32
91,fridge,0.44860155252174405,0.006066798216983066,3.0814879110195774e-33
91,garage,0.2176789150013944,0.035067289704807214,7.703719777548943e-34
91,handbag,0.32784377414457405,0.007676118810541287,0.0
91,library,-0.3268412152219552,0.00013077119987296278,3.0814879110195774e-33
91,mall,-0.20417695645094674,0.018406065009304477,7.703719777548943e-34
91,play,-0.18729357965873303,0.019219832057752396,6.933347799794049e-33
91,restaurant,0.22549989484191102,0.10797698919265651,1.232595164407831e-32
92,bakery,-0.012147033310141622,0.914836296275096,3.009265538105056e-36
92,closet,-0.023079914431253602,0.8224508206940949,4.81482486096809e-35
92,corner,0.0004660787573321961,0.9961803250723051,1.1754943508222875e-38
92,fitness,0.3141936141578932,0.012884496769845717,3.0814879110195774e-33
92,fridge,0.41110558960706417,0.012745217753822528,3.0814879110195774e-33
92,garage,0.08697088086460551,0.40455560509639965,7.703719777548943e-34
92,handbag,0.2161621146413271,0.08372837187187579,6.933347799794049e-33
92,library,-0.345349790010172,5.002093724247437e-05,1.232595164407831e-32
92,mall,-0.23142223977617343,0.007358165558472061,3.0814879110195774e-33
92,play,-0.20846255514616008,0.00901428780387856,7.703719777548943e-34
92,restaurant,0.2630487333536698,0.059552738918650774,0.0
93,bakery,0.16793299556106905,0.13648864612890735,6.933347799794049e-33
93,closet,-0.040475734741566065,0.6938517878284309,0.0
93,corner,0.03836864722784794,0.6934008198578514,0.0
93,fitness,0.4711332971917878,0.00011117284362849234,3.0814879110195774e-33
93,fridge,0.47047578800233697,0.0037834784626924797,3.0814879110195774e-33
93,garage,0.15119113650608046,0.14577571702048972,7.703719777548943e-34
93,handbag,0.3113150351272441,0.011593870690045029,3.0814879110195774e-33
93,library,-0.3455716150330019,4.942975582638044e-05,0.0
93,mall,-0.19568411513707892,0.023988920524721888,3.0814879110195774e-33
93,play,-0.1012098929258239,0.20869014611418465,1.7333369499485123e-33
93,restaurant,0.24225934613184202,0.08356420641709938,7.703719777548943e-34
94,bakery,0.16234318566822267,0.15022077043153564,0.0
94,closet,-0.08355616357218756,0.41582324875590615,7.703719777548943e-34
94,corner,0.020647161851289127,0.8320310419163721,1.2037062152420224e-35
94,fitness,0.5004958268892018,3.435021541868872e-05,4.930380657631324e-32
94,fridge,0.49429750130977174,0.0021824923530388085,2.7733391199176196e-32
94,garage,0.14638691067159848,0.15916639501119426,0.0
94,handbag,0.27287143807500874,0.02786427911178921,1.232595164407831e-32
94,library,-0.3227087944352919,0.0001607417205331694,3.0814879110195774e-33
94,mall,-0.19403493047205964,0.025226866134606677,7.703719777548943e-34
94,play,-0.20222752757579915,0.01135042129947413,6.933347799794049e-33
94,restaurant,0.3336488356583244,0.01564039897222641,3.0814879110195774e-33
95,bakery,0.14983606389632056,0.18464602262855695,7.703719777548943e-34
95,closet,-0.15679772573988013,0.1250880347965306,7.703719777548943e-34
95,corner,0.056902728462830385,0.5585855754712419,4.81482486096809e-35
95,fitness,0.3837874109453832,0.0020749041482983643,0.0
95,fridge,0.4726294383363971,0.0036055977802036785,3.0814879110195774e-33
95,garage,0.1796880791392153,0.08310174164109692,7.703719777548943e-34
95,handbag,0.33615297455530235,0.006186540463651386,1.232595164407831e-32
95,library,-0.3319466914224797,0.00010092854460517027,3.0814879110195774e-33
95,mall,-0.17172397802200792,0.048105983383591046,7.703719777548943e-34
95,play,-0.21654945908744438,0.006622670161008561,3.0814879110195774e-33
95,restaurant,0.32783929768514486,0.017663561688612855,3.0814879110195774e-33
96,bakery,0.12135777341879313,0.28356608677565365,1.7333369499485123e-33
96,closet,-0.1228537505692283,0.23059370828373307,1.925929944387236e-34
96,corner,0.020678729045029768,0.8317780186055972,0.0
96,fitness,0.3996823486905982,0.0012893830824158754,3.0814879110195774e-33
96,fridge,0.48032855570017446,0.0030276927584412766,2.7733391199176196e-32
96,garage,0.09768099537535826,0.3489524047378878,7.703719777548943e-34
96,handbag,0.3367163918049703,0.006095427970271443,0.0
96,library,-0.2863873535204958,0.000871399597766125,3.0814879110195774e-33
96,mall,-0.23510361726127424,0.006448762925764462,3.0814879110195774e-33
96,play,-0.22589907882626062,0.00457490218006917,0.0
96,restaurant,0.25032069300545384,0.07348234043439486,3.0814879110195774e-33
97,bakery,0.15156487898073603,0.17957345769970848,7.703719777548943e-34
97,closet,-0.1018492297881429,0.32086639213621615,7.703719777548943e-34
97,corner,0.06115472200825956,0.5295244205104531,0.0
97,fitness,0.33654318579879905,0.0074836670660518995,3.0814879110195774e-33
97,fridge,0.49201917536876066,0.0023043316908424607,3.0814879110195774e-33
97,garage,0.1155494318973718,0.2674200963845793,7.703719777548943e-34
97,handbag,0.32345909851699733,0.008581929160453713,3.0814879110195774e-33
97,library,-0.3260990558650616,0.00013573793651249066,3.0814879110195774e-33
97,mall,-0.2294349895181051,0.007894892113804234,7.703719777548943e-34
97,play,-0.12335626754981344,0.12498202244298552,7.703719777548943e-34
97,restaurant,0.3253780578560064,0.018585458931296688,0.0
98,bakery,0.018221997716060055,0.8725418152549282,1.2037062152420224e-35
98,closet,-0.03367816558553032,0.7433015014361501,0.0
98,corner,0.08371389614566473,0.38903407353407204,1.7333369499485123e-33
98,fitness,0.4223710106681836,0.0006271310447568336,2.7733391199176196e-32
98,fridge,0.434625672660047,0.008077209133391364,0.0
98,garage,0.17989302439201968,0.08274518582738963,6.933347799794049e-33
98,handbag,0.28523663836311747,0.021273141631717184,1.232595164407831e-32
98,library,-0.2701714391165935,0.0017303767154842461,1.232595164407831e-32
98,mall,-0.18517840958166307,0.032849770863119944,0.0
98,play,-0.18591533202742147,0.02014141958516231,3.0814879110195774e-33
98,restaurant,0.40199399790171575,0.0031360794076672675,0.0
99,bakery,0.06828252823308278,0.5472883302678092,1.925929944387236e-34
99,closet,-0.09947865387604943,0.33231706176089004,7.703719777548943e-34
99,corner,-0.035613089803793484,0.7144310210903113,4.81482486096809e-35
99,fitness,0.2879220471263936,0.023253175290343358,3.0814879110195774e-33
99,fridge,0.4804104169781352,0.003022009446075309,4.930380657631324e-32
99,garage,0.12652308437320162,0.22430352422234,3.0814879110195774e-33
99,handbag,0.3645886446250821,0.0028276249373308847,1.232595164407831e-32
99,library,-0.3560265912149354,2.7937986093897195e-05,3.0814879110195774e-33
99,mall,-0.21547844244715,0.012742163515049896,3.0814879110195774e-33
99,play,-0.14512686782856468,0.07066283498131075,7.703719777548943e-34
99,restaurant,0.2749237443987905,0.048552340663667544,3.0814879110195774e-33
