context,word,frequency,cloze_probability
fridge,water,48,0.9230769230769231
fridge,juice,42,0.8076923076923077
fridge,soda,41,0.7884615384615384
fridge,milk,29,0.5576923076923077
fridge,beer,25,0.4807692307692308
fridge,tea,20,0.38461538461538464
fridge,lemonade,13,0.25
fridge,wine,11,0.21153846153846154
fridge,coffee,8,0.15384615384615385
fridge,sports drink,6,0.11538461538461539
fridge,seltzer,6,0.11538461538461539
fridge,ice cream,2,0.038461538461538464
fridge,kool-aid,1,0.019230769230769232
fridge,whiskey,1,0.019230769230769232
fridge,sod,1,0.019230769230769232
fridge,juice ,1,0.019230769230769232
fridge,mint water,1,0.019230769230769232
fridge,smoothie,1,0.019230769230769232
fridge,limeade,1,0.019230769230769232
fridge,sports drinks,1,0.019230769230769232
fridge,coke,1,0.019230769230769232
fridge,iced tea,1,0.019230769230769232
fridge,sodas,1,0.019230769230769232
fridge,slurpee,1,0.019230769230769232
fridge,redbull,1,0.019230769230769232
fridge,sporade,1,0.019230769230769232
fridge,rootbeer,1,0.019230769230769232
fridge,energy drink,1,0.019230769230769232
fridge,cake,1,0.019230769230769232
fridge,vegetable,1,0.019230769230769232
fridge,cool drinks,1,0.019230769230769232
fridge,cheese,1,0.019230769230769232
fridge,flavored water,1,0.019230769230769232
fridge,gatorade,1,0.019230769230769232
fridge,kool aid,1,0.019230769230769232
fridge,punch,1,0.019230769230769232
fridge,energy drinks,1,0.019230769230769232
fridge,koolaid,1,0.019230769230769232
bag,pen,47,0.9038461538461539
bag,pencil,47,0.9038461538461539
bag,marker,32,0.6153846153846154
bag,crayon,29,0.5576923076923077
bag,highlighter,13,0.25
bag,lipstick,10,0.19230769230769232
bag,phone,7,0.1346153846153846
bag,eyeliner,7,0.1346153846153846
bag,sharpie,6,0.11538461538461539
bag,notepad,6,0.11538461538461539
bag,voice recorder,6,0.11538461538461539
bag,chalk,5,0.09615384615384616
bag,notsure,5,0.09615384615384616
bag,pens,3,0.057692307692307696
bag,ink,3,0.057692307692307696
bag,paper,3,0.057692307692307696
bag,pencils,2,0.038461538461538464
bag,markers,2,0.038461538461538464
bag,quill,2,0.038461538461538464
bag,nail polish,2,0.038461538461538464
bag,charcoal,2,0.038461538461538464
bag,lip stick,2,0.038461538461538464
bag,tablet,2,0.038461538461538464
bag,eye liner,2,0.038461538461538464
bag,envelope,2,0.038461538461538464
bag,eyebrow pencil,2,0.038461538461538464
bag,eybrow pencil,1,0.019230769230769232
bag,crayons,1,0.019230769230769232
bag,highlighters,1,0.019230769230769232
bag,my ipad,1,0.019230769230769232
bag,my kindle,1,0.019230769230769232
bag,clip,1,0.019230769230769232
bag,whiteout,1,0.019230769230769232
bag,mascara,1,0.019230769230769232
bag,high lighter,1,0.019230769230769232
bag,color,1,0.019230769230769232
bag,note,1,0.019230769230769232
bag,beeper,1,0.019230769230769232
bag,buzzer,1,0.019230769230769232
bag,business card,1,0.019230769230769232
bag,receipt,1,0.019230769230769232
bag,lip pencil,1,0.019230769230769232
bag,keys,1,0.019230769230769232
bag,wipes,1,0.019230769230769232
bag,brush,1,0.019230769230769232
bag,snacks,1,0.019230769230769232
bag,paintbrush,1,0.019230769230769232
bag,pastels,1,0.019230769230769232
bag,index card,1,0.019230769230769232
bag,legal paper,1,0.019230769230769232
bag,camera,1,0.019230769230769232
bag,computer,1,0.019230769230769232
bag,eye liner pencil,1,0.019230769230769232
mall,pizza,29,0.5576923076923077
mall,chinese,27,0.5192307692307693
mall,burgers,20,0.38461538461538464
mall,burger,16,0.3076923076923077
mall,mexican,12,0.23076923076923078
mall,subway,12,0.23076923076923078
mall,hot dogs,9,0.17307692307692307
mall,sandwiches,8,0.15384615384615385
mall,chicken,6,0.11538461538461539
mall,italian,6,0.11538461538461539
mall,mexicans,5,0.09615384615384616
mall,cafe,5,0.09615384615384616
mall,sushi,5,0.09615384615384616
mall,pretzels,4,0.07692307692307693
mall,french fries,3,0.057692307692307696
mall,sandwich,3,0.057692307692307696
mall,indian,3,0.057692307692307696
mall,pasta,3,0.057692307692307696
mall,subs,2,0.038461538461538464
mall,ice cream,2,0.038461538461538464
mall,asian,2,0.038461538461538464
mall,chick fil a,2,0.038461538461538464
mall,auntie anne's,2,0.038461538461538464
mall,spaghetti,2,0.038461538461538464
mall,japanese,2,0.038461538461538464
mall,panerbread,2,0.038461538461538464
mall,wendys,2,0.038461538461538464
mall,soup,2,0.038461538461538464
mall,wendy's,2,0.038461538461538464
mall,hot dog on stick,2,0.038461538461538464
mall,burger king,2,0.038461538461538464
mall,dairy queen,2,0.038461538461538464
mall,gyros,2,0.038461538461538464
mall,court,2,0.038461538461538464
mall,arby's,2,0.038461538461538464
mall,fish,2,0.038461538461538464
mall,fast,1,0.019230769230769232
mall,german,1,0.019230769230769232
mall,chicken strips,1,0.019230769230769232
mall,bbq,1,0.019230769230769232
mall,deli,1,0.019230769230769232
mall,eggs,1,0.019230769230769232
mall,salads,1,0.019230769230769232
mall,sakura,1,0.019230769230769232
mall,popeye's,1,0.019230769230769232
mall,charley's grilled subs,1,0.019230769230769232
mall,shrimp,1,0.019230769230769232
mall,fish sticks,1,0.019230769230769232
mall,cheeseburgers,1,0.019230769230769232
mall,chilli fries,1,0.019230769230769232
mall,chicken sandwich,1,0.019230769230769232
mall,salad,1,0.019230769230769232
mall,fruits,1,0.019230769230769232
mall,doughnut,1,0.019230769230769232
mall,cheeseburger,1,0.019230769230769232
mall,chicken and rice,1,0.019230769230769232
mall,american,1,0.019230769230769232
mall,tai,1,0.019230769230769232
mall,french bistro,1,0.019230769230769232
mall,hots dogs,1,0.019230769230769232
mall,arbys,1,0.019230769230769232
mall,auntie annes,1,0.019230769230769232
mall,hotdogs,1,0.019230769230769232
mall,stir fry,1,0.019230769230769232
mall,rice bowls,1,0.019230769230769232
mall,tortillas,1,0.019230769230769232
mall,dunkin donuts,1,0.019230769230769232
mall,jack in the box,1,0.019230769230769232
mall,rally's,1,0.019230769230769232
mall,quiznos,1,0.019230769230769232
mall,papgino's,1,0.019230769230769232
mall,cheese cake factory,1,0.019230769230769232
mall,p.f. chang's,1,0.019230769230769232
mall,cheesburgers,1,0.019230769230769232
mall,s-barro pizza,1,0.019230769230769232
mall,diner,1,0.019230769230769232
mall,red robin,1,0.019230769230769232
mall,chicken sandwichs,1,0.019230769230769232
mall,seafood,1,0.019230769230769232
mall,carls jr,1,0.019230769230769232
mall,food court,1,0.019230769230769232
mall,restaraunts,1,0.019230769230769232
mall,beef steak,1,0.019230769230769232
mall,pork,1,0.019230769230769232
mall,meat loaf,1,0.019230769230769232
mall,egg sandwich,1,0.019230769230769232
mall,kfc,1,0.019230769230769232
mall,californipizza,1,0.019230769230769232
mall,korean,1,0.019230769230769232
mall,italicuisine,1,0.019230769230769232
mall,thai cuisine,1,0.019230769230769232
mall,thai,1,0.019230769230769232
mall,steak,1,0.019230769230769232
mall,fries,1,0.019230769230769232
mall,milkshakes,1,0.019230769230769232
mall,chicken sandwiches,1,0.019230769230769232
mall,sub sandwiches,1,0.019230769230769232
mall,chick-fil-a,1,0.019230769230769232
mall,sabarro,1,0.019230769230769232
mall,corn dog 7,1,0.019230769230769232
mall,tomatoes,1,0.019230769230769232
mall,pretzil,1,0.019230769230769232
mall,beer,1,0.019230769230769232
mall,wine,1,0.019230769230769232
mall,pastcarbonara,1,0.019230769230769232
mall,lasagna,1,0.019230769230769232
mall,rissotto,1,0.019230769230769232
mall,burguers,1,0.019230769230769232
mall,orange julius,1,0.019230769230769232
mall,fast restaurant,1,0.019230769230769232
mall,salad bar,1,0.019230769230769232
mall,pretzel stand,1,0.019230769230769232
mall,vending machines,1,0.019230769230769232
mall,chipotle,1,0.019230769230769232
mall,sandwizz,1,0.019230769230769232
mall,rice,1,0.019230769230769232
mall,chic fla,1,0.019230769230769232
mall,ktp,1,0.019230769230769232
mall,vegetable grits,1,0.019230769230769232
mall,skillet banana,1,0.019230769230769232
mall,salad chicken,1,0.019230769230769232
mall,avocado sandwich,1,0.019230769230769232
mall,stuffed sweet potato,1,0.019230769230769232
mall,quinosalad,1,0.019230769230769232
mall,pulled pork,1,0.019230769230769232
mall,chik fil a,1,0.019230769230769232
mall,renzio's,1,0.019230769230769232
mall,restaurant,1,0.019230769230769232
mall,hot dog cart,1,0.019230769230769232
mall,soft pretzels,1,0.019230769230769232
mall,grinders,1,0.019230769230769232
mall,dunkin' donuts,1,0.019230769230769232
mall,au bon pain,1,0.019230769230769232
mall,domino's,1,0.019230769230769232
bakery,cake,40,0.7692307692307693
bakery,cookies,35,0.6730769230769231
bakery,donuts,24,0.46153846153846156
bakery,pie,23,0.4423076923076923
bakery,cupcakes,20,0.38461538461538464
bakery,brownies,14,0.2692307692307692
bakery,muffins,11,0.21153846153846154
bakery,ice cream,9,0.17307692307692307
bakery,cheesecake,8,0.15384615384615385
bakery,tarts,7,0.1346153846153846
bakery,pastries,6,0.11538461538461539
bakery,scones,5,0.09615384615384616
bakery,eclairs,5,0.09615384615384616
bakery,cakes,5,0.09615384615384616
bakery,pudding,4,0.07692307692307693
bakery,pies,4,0.07692307692307693
bakery,fruit,3,0.057692307692307696
bakery,cinnamon rolls,3,0.057692307692307696
bakery,fudge,2,0.038461538461538464
bakery,chocolate,2,0.038461538461538464
bakery,truffles,2,0.038461538461538464
bakery,candy,2,0.038461538461538464
bakery,notsure,2,0.038461538461538464
bakery,apple fritters,2,0.038461538461538464
bakery,turnovers,2,0.038461538461538464
bakery,danish,2,0.038461538461538464
bakery,bread,2,0.038461538461538464
bakery,pretzels,2,0.038461538461538464
bakery,crullers,2,0.038461538461538464
bakery,cream,1,0.019230769230769232
bakery,yogurt,1,0.019230769230769232
bakery,frozen yogurt,1,0.019230769230769232
bakery,macarons,1,0.019230769230769232
bakery,mousse,1,0.019230769230769232
bakery,danishes,1,0.019230769230769232
bakery,popsicles,1,0.019230769230769232
bakery,flan,1,0.019230769230769232
bakery,milkshakes,1,0.019230769230769232
bakery,cupcake,1,0.019230769230769232
bakery,cookie dough,1,0.019230769230769232
bakery,doughnut,1,0.019230769230769232
bakery,crepes,1,0.019230769230769232
bakery,macroons,1,0.019230769230769232
bakery,sweet bread,1,0.019230769230769232
bakery,chocolates,1,0.019230769230769232
bakery,croissants,1,0.019230769230769232
bakery,smores,1,0.019230769230769232
bakery,jello,1,0.019230769230769232
bakery,cobbler,1,0.019230769230769232
bakery,macaroons,1,0.019230769230769232
bakery,cinnamon bun,1,0.019230769230769232
bakery,donut,1,0.019230769230769232
bakery,muffin,1,0.019230769230769232
bakery,bear claws,1,0.019230769230769232
bakery,swiss rolls,1,0.019230769230769232
bakery,strawberry crumble,1,0.019230769230769232
bakery,snickers rolls,1,0.019230769230769232
bakery,buns,1,0.019230769230769232
bakery,flatbread,1,0.019230769230769232
bakery,coke float,1,0.019230769230769232
bakery,coccola,1,0.019230769230769232
bakery,energy drink,1,0.019230769230769232
bakery,biscotti,1,0.019230769230769232
bakery,baklava,1,0.019230769230769232
bakery,cannoli,1,0.019230769230769232
bakery,long johns,1,0.019230769230769232
bakery,mango desert,1,0.019230769230769232
bakery,icecream,1,0.019230769230769232
bakery,milk bar mini,1,0.019230769230769232
bakery,momofuku milkibar,1,0.019230769230769232
bakery,dominique ansel bakkery,1,0.019230769230769232
bakery,taiyaki,1,0.019230769230769232
bakery,rolls,1,0.019230769230769232
bakery,deep fried dessert,1,0.019230769230769232
bakery,frozen dessert,1,0.019230769230769232
bakery,pastry,1,0.019230769230769232
bakery,jellied dessert,1,0.019230769230769232
bakery,petit fours,1,0.019230769230769232
bakery,bagels,1,0.019230769230769232
bakery,tortes,1,0.019230769230769232
bakery,puff pastrys,1,0.019230769230769232
salad,lettuce,39,0.75
salad,tomatoes,24,0.46153846153846156
salad,onions,16,0.3076923076923077
salad,carrots,15,0.28846153846153844
salad,dressing,13,0.25
salad,croutons,12,0.23076923076923078
salad,cucumbers,10,0.19230769230769232
salad,tomato,10,0.19230769230769232
salad,cheese,8,0.15384615384615385
salad,olives,8,0.15384615384615385
salad,salad dressing,6,0.11538461538461539
salad,celery,6,0.11538461538461539
salad,spinach,6,0.11538461538461539
salad,onion,6,0.11538461538461539
salad,cucumber,5,0.09615384615384616
salad,carrot,4,0.07692307692307693
salad,kale,4,0.07692307692307693
salad,cabbage,4,0.07692307692307693
salad,chicken salad,3,0.057692307692307696
salad,broccoli,3,0.057692307692307696
salad,crutons,3,0.057692307692307696
salad,peppers,3,0.057692307692307696
salad,arugula,3,0.057692307692307696
salad,ranch,2,0.038461538461538464
salad,blue cheese,2,0.038461538461538464
salad,vinegar,2,0.038461538461538464
salad,eggs,2,0.038461538461538464
salad,fruit salad,2,0.038461538461538464
salad,fruit,2,0.038461538461538464
salad,chicken,2,0.038461538461538464
salad,chef salad,2,0.038461538461538464
salad,beets,2,0.038461538461538464
salad,garlic,2,0.038461538461538464
salad,radishes,2,0.038461538461538464
salad,tomatos,2,0.038461538461538464
salad,romaine,2,0.038461538461538464
salad,iceberg,2,0.038461538461538464
salad,avacado,2,0.038461538461538464
salad,mushrooms,2,0.038461538461538464
salad,thousand island,1,0.019230769230769232
salad,light ranch,1,0.019230769230769232
salad,oil,1,0.019230769230769232
salad,ham,1,0.019230769230769232
salad,turkey salad,1,0.019230769230769232
salad,nut salad,1,0.019230769230769232
salad,bacon salad,1,0.019230769230769232
salad,ham salad,1,0.019230769230769232
salad,pickles,1,0.019230769230769232
salad,egg,1,0.019230769230769232
salad,greek salad,1,0.019230769230769232
salad,ceasor salad,1,0.019230769230769232
salad,cobb salad,1,0.019230769230769232
salad,bacon bits,1,0.019230769230769232
salad,shredded cheese,1,0.019230769230769232
salad,ham chunks,1,0.019230769230769232
salad,pepperoni,1,0.019230769230769232
salad,tunsalad,1,0.019230769230769232
salad,veggie salad,1,0.019230769230769232
salad,house salad,1,0.019230769230769232
salad,cesar salad,1,0.019230769230769232
salad,lettice,1,0.019230769230769232
salad,cherry tomatoes,1,0.019230769230769232
salad,red onion,1,0.019230769230769232
salad,corn,1,0.019230769230769232
salad,bell peppers,1,0.019230769230769232
salad,asparagus,1,0.019230769230769232
salad,italisalad dressing,1,0.019230769230769232
salad,grated cheese,1,0.019230769230769232
salad,romaine lettuce,1,0.019230769230769232
salad,avocado,1,0.019230769230769232
salad,walnuts,1,0.019230769230769232
salad,grapes,1,0.019230769230769232
salad,salmon,1,0.019230769230769232
salad,bagged salads,1,0.019230769230769232
salad,vegetables,1,0.019230769230769232
salad,cukes,1,0.019230769230769232
salad,nuts,1,0.019230769230769232
salad,red onions,1,0.019230769230769232
salad,green onion,1,0.019230769230769232
salad,cruotons,1,0.019230769230769232
salad,salad,1,0.019230769230769232
salad,apples,1,0.019230769230769232
salad,bananas,1,0.019230769230769232
salad,potatoes,1,0.019230769230769232
salad,eggplant,1,0.019230769230769232
salad,green peppers,1,0.019230769230769232
salad,avocados,1,0.019230769230769232
salad,endive,1,0.019230769230769232
salad,apple,1,0.019230769230769232
salad,pomegranate,1,0.019230769230769232
salad,pineapple,1,0.019230769230769232
salad,banana,1,0.019230769230769232
salad,cherry,1,0.019230769230769232
salad,strawberry,1,0.019230769230769232
salad,coutons,1,0.019230769230769232
salad,dinner salads,1,0.019230769230769232
salad,fruit salads,1,0.019230769230769232
salad,green salads,1,0.019230769230769232
salad,desserts,1,0.019230769230769232
salad,pasta,1,0.019230769230769232
salad,bound salads,1,0.019230769230769232
salad,ranch dressing,1,0.019230769230769232
salad,croquets,1,0.019230769230769232
salad,strawberries,1,0.019230769230769232
salad,salad greens,1,0.019230769230769232
restaurant,beer,42,0.8076923076923077
restaurant,wine,39,0.75
restaurant,cocktails,32,0.6153846153846154
restaurant,vodka,16,0.3076923076923077
restaurant,whiskey,15,0.28846153846153844
restaurant,soda,14,0.2692307692307692
restaurant,tequila,11,0.21153846153846154
restaurant,water,9,0.17307692307692307
restaurant,rum,8,0.15384615384615385
restaurant,gin,6,0.11538461538461539
restaurant,juice,4,0.07692307692307693
restaurant,coke,4,0.07692307692307693
restaurant,whisky,3,0.057692307692307696
restaurant,tea,3,0.057692307692307696
restaurant,coffee,3,0.057692307692307696
restaurant,shots,2,0.038461538461538464
restaurant,brandy,2,0.038461538461538464
restaurant,hard seltzer,2,0.038461538461538464
restaurant,wine coolers,2,0.038461538461538464
restaurant,lemonade,2,0.038461538461538464
restaurant,iced tea,2,0.038461538461538464
restaurant,scotch,2,0.038461538461538464
restaurant,bourbon,2,0.038461538461538464
restaurant,milk,2,0.038461538461538464
restaurant,margaritas,2,0.038461538461538464
restaurant,champagne,2,0.038461538461538464
restaurant,high balls,1,0.019230769230769232
restaurant,ice tea,1,0.019230769230769232
restaurant,diet coke,1,0.019230769230769232
restaurant,orange soda,1,0.019230769230769232
restaurant,slushies,1,0.019230769230769232
restaurant,smoothies,1,0.019230769230769232
restaurant,notsure,1,0.019230769230769232
restaurant,sangria,1,0.019230769230769232
restaurant,spirits,1,0.019230769230769232
restaurant,liquour,1,0.019230769230769232
restaurant,hot tea,1,0.019230769230769232
restaurant,cider,1,0.019230769230769232
restaurant,liquors,1,0.019230769230769232
restaurant,sodas,1,0.019230769230769232
restaurant,sparkling water,1,0.019230769230769232
restaurant,liquor,1,0.019230769230769232
restaurant,lager,1,0.019230769230769232
restaurant,smoothie,1,0.019230769230769232
restaurant,donuts,1,0.019230769230769232
restaurant,bajfresh,1,0.019230769230769232
restaurant,cake,1,0.019230769230769232
restaurant,pizza,1,0.019230769230769232
restaurant,hotdog,1,0.019230769230769232
restaurant,chicken,1,0.019230769230769232
restaurant,absinthe,1,0.019230769230769232
restaurant,cognac,1,0.019230769230769232
restaurant,chocolate milk,1,0.019230769230769232
gym,soccer,35,0.6730769230769231
gym,football,33,0.6346153846153846
gym,baseball,33,0.6346153846153846
gym,basketball,32,0.6153846153846154
gym,volleyball,19,0.36538461538461536
gym,tennis,17,0.3269230769230769
gym,hockey,11,0.21153846153846154
gym,lacrosse,10,0.19230769230769232
gym,rugby,8,0.15384615384615385
gym,softball,7,0.1346153846153846
gym,track,7,0.1346153846153846
gym,swimming,6,0.11538461538461539
gym,racquetball,6,0.11538461538461539
gym,weights,5,0.09615384615384616
gym,dodgeball,5,0.09615384615384616
gym,notsure,5,0.09615384615384616
gym,polo,4,0.07692307692307693
gym,flag football,3,0.057692307692307696
gym,wrestling,3,0.057692307692307696
gym,running,3,0.057692307692307696
gym,yoga,3,0.057692307692307696
gym,golf,3,0.057692307692307696
gym,ultimate frisbee,3,0.057692307692307696
gym,badminton,3,0.057692307692307696
gym,pickleball,2,0.038461538461538464
gym,bowling,2,0.038461538461538464
gym,spin,2,0.038461538461538464
gym,aerobics,2,0.038461538461538464
gym,badmitton,2,0.038461538461538464
gym,lacross,1,0.019230769230769232
gym,massage,1,0.019230769230769232
gym,meditation,1,0.019230769230769232
gym,dancing,1,0.019230769230769232
gym,zumba,1,0.019230769230769232
gym,kick boxing,1,0.019230769230769232
gym,water polo,1,0.019230769230769232
gym,field hockey,1,0.019230769230769232
gym,hiking,1,0.019230769230769232
gym,table tennis,1,0.019230769230769232
gym,pickle ball,1,0.019230769230769232
gym,relay racing,1,0.019230769230769232
gym,backgammon,1,0.019230769230769232
gym,handball,1,0.019230769230769232
gym,bootcamp,1,0.019230769230769232
gym,biking,1,0.019230769230769232
gym,boxing,1,0.019230769230769232
gym,volley ball,1,0.019230769230769232
gym,rowing,1,0.019230769230769232
gym,lacrose,1,0.019230769230769232
gym,tagging,1,0.019230769230769232
gym,tug of war,1,0.019230769230769232
gym,hiit,1,0.019230769230769232
gym,yankees,1,0.019230769230769232
gym,buffalo biki,1,0.019230769230769232
gym,lakers,1,0.019230769230769232
gym,americnk,1,0.019230769230769232
gym,texas rangers,1,0.019230769230769232
gym,us soccer,1,0.019230769230769232
gym,cross-country,1,0.019230769230769232
gym,aquatics sports,1,0.019230769230769232
gym,motorsports,1,0.019230769230769232
gym,ball sports,1,0.019230769230769232
gym,adventuring,1,0.019230769230769232
gym,jai alai,1,0.019230769230769232
gym,kickball,1,0.019230769230769232
gym,hand ball,1,0.019230769230769232
gym,body building,1,0.019230769230769232
science,chemistry,33,0.6346153846153846
science,physics,31,0.5961538461538461
science,biology,30,0.5769230769230769
science,astronomy,17,0.3269230769230769
science,geology,14,0.2692307692307692
science,notsure,9,0.17307692307692307
science,psychology,7,0.1346153846153846
science,earth science,7,0.1346153846153846
science,anatomy,7,0.1346153846153846
science,zoology,7,0.1346153846153846
science,botany,6,0.11538461538461539
science,medicine,3,0.057692307692307696
science,space,3,0.057692307692307696
science,engineering,3,0.057692307692307696
science,astrology,3,0.057692307692307696
science,physical science,2,0.038461538461538464
science,science magazines,2,0.038461538461538464
science,encyclopedia,2,0.038461538461538464
science,nature,2,0.038461538461538464
science,ecology,2,0.038461538461538464
science,books,2,0.038461538461538464
science,encyclopedias,2,0.038461538461538464
science,sociology,2,0.038461538461538464
science,mechanics,2,0.038461538461538464
science,science for dummies,2,0.038461538461538464
science,astrophysics,2,0.038461538461538464
science,archaeology,2,0.038461538461538464
science,math,2,0.038461538461538464
science,basic science,1,0.019230769230769232
science,theoretical,1,0.019230769230769232
science,science history,1,0.019230769230769232
science,life science,1,0.019230769230769232
science,evolution,1,0.019230769230769232
science,volcanoes,1,0.019230769230769232
science,weather,1,0.019230769230769232
science,global warming,1,0.019230769230769232
science,space travel,1,0.019230769230769232
science,prehistoric animals,1,0.019230769230769232
science,science set,1,0.019230769230769232
science,science websites,1,0.019230769230769232
science,books for science,1,0.019230769230769232
science,science tv shows,1,0.019230769230769232
science,newspaper,1,0.019230769230769232
science,meteorolgy,1,0.019230769230769232
science,computer programming,1,0.019230769230769232
science,science digest,1,0.019230769230769232
science,natural science,1,0.019230769230769232
science,organic science,1,0.019230769230769232
science,research science,1,0.019230769230769232
science,cancer research,1,0.019230769230769232
science,robots,1,0.019230769230769232
science,space and earth,1,0.019230769230769232
science,medical,1,0.019230769230769232
science,computer science,1,0.019230769230769232
science,earth,1,0.019230769230769232
science,biochemistry,1,0.019230769230769232
science,plant biology,1,0.019230769230769232
science,animal biology,1,0.019230769230769232
science,biophysical chemisty,1,0.019230769230769232
science,articles,1,0.019230769230769232
science,magazines,1,0.019230769230769232
science,videos,1,0.019230769230769232
science,periodicals,1,0.019230769230769232
science,pschology,1,0.019230769230769232
science,oceanography,1,0.019230769230769232
science,genetics,1,0.019230769230769232
science,videos about science,1,0.019230769230769232
science,displays of moon rocks,1,0.019230769230769232
science,guest lecturers about physics,1,0.019230769230769232
science,meteorology,1,0.019230769230769232
science,health,1,0.019230769230769232
science,physiology,1,0.019230769230769232
science,the mad science book,1,0.019230769230769232
science,stuff matters,1,0.019230769230769232
science,lots of science books,1,0.019230769230769232
science,plenty of options,1,0.019230769230769232
science,textbooks,1,0.019230769230769232
science,book by acclaimed scientists,1,0.019230769230769232
science,my favorite science book,1,0.019230769230769232
science,whole section of science books,1,0.019230769230769232
science,moon science,1,0.019230769230769232
science,night science,1,0.019230769230769232
science,day science,1,0.019230769230769232
science,planet science,1,0.019230769230769232
science,food science,1,0.019230769230769232
science,environmental science,1,0.019230769230769232
science,machines,1,0.019230769230769232
science,secreatures,1,0.019230769230769232
science,weather books,1,0.019230769230769232
science,reptiles,1,0.019230769230769232
science,africanimals,1,0.019230769230769232
science,planets,1,0.019230769230769232
science,medical books,1,0.019230769230769232
science,the mitochondriand you,1,0.019230769230769232
science,isaac newton's theory of gravity,1,0.019230769230769232
science,animals,1,0.019230769230769232
science,technology,1,0.019230769230769232
science,periodic table of elements,1,0.019230769230769232
science,gravity,1,0.019230769230769232
science,algebra,1,0.019230769230769232
science,trigonometry,1,0.019230769230769232
science,calculus,1,0.019230769230769232
science,combinatorics,1,0.019230769230769232
science,animal books,1,0.019230769230769232
science,marine biology,1,0.019230769230769232
science,genetic makeup,1,0.019230769230769232
science,cloning,1,0.019230769230769232
science,tools,1,0.019230769230769232
science,magnet,1,0.019230769230769232
science,blade,1,0.019230769230769232
science,pin,1,0.019230769230769232
science,geography,1,0.019230769230769232
science,physic,1,0.019230769230769232
science,flight,1,0.019230769230769232
science,hygiene,1,0.019230769230769232
science,nutrition,1,0.019230769230769232
science,aerobics,1,0.019230769230769232
science,law,1,0.019230769230769232
science,yogexercises,1,0.019230769230769232
science,meterology,1,0.019230769230769232
science,space science,1,0.019230769230769232
science,history,1,0.019230769230769232
science,economics,1,0.019230769230769232
science,government,1,0.019230769230769232
science,english,1,0.019230769230769232
science,how to be scientist,1,0.019230769230769232
science,astrologist,1,0.019230769230769232
science,epidimeologist,1,0.019230769230769232
science,botanist,1,0.019230769230769232
science,science 101,1,0.019230769230769232
science,natural world,1,0.019230769230769232
science,the environment,1,0.019230769230769232
science,anthropology,1,0.019230769230769232
throw,football,42,0.8076923076923077
throw,frisbee,39,0.75
throw,baseball,38,0.7307692307692307
throw,basketball,20,0.38461538461538464
throw,soccer ball,16,0.3076923076923077
throw,tennis ball,15,0.28846153846153844
throw,softball,12,0.23076923076923078
throw,notsure,11,0.21153846153846154
throw,hacky sack,9,0.17307692307692307
throw,volleyball,6,0.11538461538461539
throw,ball,6,0.11538461538461539
throw,boomerang,5,0.09615384615384616
throw,horseshoes,5,0.09615384615384616
throw,beach ball,5,0.09615384615384616
throw,soccerball,3,0.057692307692307696
throw,kickball,3,0.057692307692307696
throw,golf ball,3,0.057692307692307696
throw,baseballs,2,0.038461538461538464
throw,footballs,2,0.038461538461538464
throw,medicine ball,2,0.038461538461538464
throw,basket ball,2,0.038461538461538464
throw,stick,2,0.038461538461538464
throw,dodge ball,2,0.038461538461538464
throw,rubber ball,2,0.038461538461538464
throw,badminton,2,0.038461538461538464
throw,beachball,2,0.038461538461538464
throw,handball,2,0.038461538461538464
throw,lawn darts,2,0.038461538461538464
throw,bouncy ball,2,0.038461538461538464
throw,cornhole,1,0.019230769230769232
throw,rings,1,0.019230769230769232
throw,basketballs,1,0.019230769230769232
throw,beach balls,1,0.019230769230769232
throw,softballs,1,0.019230769230769232
throw,kite,1,0.019230769230769232
throw,whiffle ball,1,0.019230769230769232
throw,nerf ball,1,0.019230769230769232
throw,wiffleball,1,0.019230769230769232
throw,bebags,1,0.019230769230769232
throw,beanbag,1,0.019230769230769232
throw,darts,1,0.019230769230769232
throw,stuffed animals,1,0.019230769230769232
throw,toys,1,0.019230769230769232
throw,tire,1,0.019230769230769232
throw,axe,1,0.019230769230769232
throw,hulhoop,1,0.019230769230769232
throw,bean bag,1,0.019230769230769232
throw,rocks,1,0.019230769230769232
throw,balloons,1,0.019230769230769232
throw,corn hole,1,0.019230769230769232
throw,volley ball,1,0.019230769230769232
throw,horse shoes,1,0.019230769230769232
throw,ball bearings,1,0.019230769230769232
throw,rugby ball,1,0.019230769230769232
throw,spanners,1,0.019230769230769232
throw,teather ball,1,0.019230769230769232
throw,frisbees,1,0.019230769230769232
throw,volleyballs,1,0.019230769230769232
throw,sruiken,1,0.019230769230769232
throw,pillow,1,0.019230769230769232
throw,condom,1,0.019230769230769232
throw,vodka,1,0.019230769230769232
throw,ping pong table,1,0.019230769230769232
throw,playground ball,1,0.019230769230769232
throw,exercise ball,1,0.019230769230769232
throw,water balloons,1,0.019230769230769232
throw,dodgeball,1,0.019230769230769232
throw,beanbags,1,0.019230769230769232
throw,juggling clubs,1,0.019230769230769232
throw,bat,1,0.019230769230769232
throw,cycle,1,0.019230769230769232
throw,gross cutter,1,0.019230769230769232
throw,winder,1,0.019230769230769232
throw,blade,1,0.019230769230769232
throw,cricketball,1,0.019230769230769232
throw,bowling ball,1,0.019230769230769232
throw,bandy ball,1,0.019230769230769232
throw,paper airplane,1,0.019230769230769232
throw,javelin,1,0.019230769230769232
beach,swimsuit,40,0.7692307692307693
beach,shorts,36,0.6923076923076923
beach,sandals,15,0.28846153846153844
beach,hat,12,0.23076923076923078
beach,tank top,9,0.17307692307692307
beach,dress,8,0.15384615384615385
beach,notsure,8,0.15384615384615385
beach,pants,7,0.1346153846153846
beach,coverup,7,0.1346153846153846
beach,t-shirt,6,0.11538461538461539
beach,tshirt,5,0.09615384615384616
beach,shirt,5,0.09615384615384616
beach,sunglasses,5,0.09615384615384616
beach,speedo,4,0.07692307692307693
beach,sarong,4,0.07692307692307693
beach,bikini,4,0.07692307692307693
beach,underwear,3,0.057692307692307696
beach,wet suit,3,0.057692307692307696
beach,robe,3,0.057692307692307696
beach,jeans,3,0.057692307692307696
beach,swimsuits,3,0.057692307692307696
beach,towel,3,0.057692307692307696
beach,towels,2,0.038461538461538464
beach,jumpsuit,2,0.038461538461538464
beach,dress shirt,2,0.038461538461538464
beach,cover-up,2,0.038461538461538464
beach,skirt,2,0.038461538461538464
beach,vest,2,0.038461538461538464
beach,t-shirts,2,0.038461538461538464
beach,tank tops,2,0.038461538461538464
beach,swim suit,2,0.038461538461538464
beach,bathing suit,2,0.038461538461538464
beach,slacks,2,0.038461538461538464
beach,halter top,2,0.038461538461538464
beach,tshirts,2,0.038461538461538464
beach,suit,1,0.019230769230769232
beach,tux,1,0.019230769230769232
beach,kilt,1,0.019230769230769232
beach,clothes,1,0.019230769230769232
beach,t shirts,1,0.019230769230769232
beach,sandles,1,0.019230769230769232
beach,long sleeve,1,0.019230769230769232
beach,cotton,1,0.019230769230769232
beach,tanktop,1,0.019230769230769232
beach,swinging custom,1,0.019230769230769232
beach,t shirt,1,0.019230769230769232
beach,leotard,1,0.019230769230769232
beach,short,1,0.019230769230769232
beach,bodypiece,1,0.019230769230769232
beach,jacket,1,0.019230769230769232
beach,bathing costume,1,0.019230769230769232
beach,trunks,1,0.019230769230769232
beach,sundress,1,0.019230769230769232
beach,tankini,1,0.019230769230769232
beach,skirts,1,0.019230769230769232
beach,dresses,1,0.019230769230769232
beach,wrap,1,0.019230769230769232
beach,linen pants,1,0.019230769230769232
beach,mini skirts,1,0.019230769230769232
beach,maxi dress,1,0.019230769230769232
beach,romper,1,0.019230769230769232
beach,cover up,1,0.019230769230769232
beach,one piece bathing suit,1,0.019230769230769232
beach,extrclothes,1,0.019230769230769232
beach,something you cborrow,1,0.019230769230769232
beach,outfit you chave,1,0.019230769230769232
beach,something you cwear,1,0.019230769230769232
beach,lots of clothes you clook through,1,0.019230769230769232
beach,long pants,1,0.019230769230769232
beach,sun glasses,1,0.019230769230769232
beach,shirts,1,0.019230769230769232
beach,slippers,1,0.019230769230769232
beach,sun screen,1,0.019230769230769232
beach,hair cap,1,0.019230769230769232
beach,shoes,1,0.019230769230769232
beach,nudism,1,0.019230769230769232
beach,onesie,1,0.019230769230769232
beach,bathing cap,1,0.019230769230769232
beach,goggles,1,0.019230769230769232
beach,noseplug,1,0.019230769230769232
beach,swimtui,1,0.019230769230769232
beach,innerwear,1,0.019230769230769232
beach,upperwear,1,0.019230769230769232
beach,trousers,1,0.019230769230769232
beach,tops,1,0.019230769230769232
beach,sunscreen,1,0.019230769230769232
beach,spare clothes,1,0.019230769230769232
beach,change of clothes,1,0.019230769230769232
beach,an extrset,1,0.019230769230769232
beach,wetsuit,1,0.019230769230769232
