context,token,probability
bag,this,0.21334095299243927
bag,paper,0.15858855843544006
bag,pictures,0.112483911216259
bag,lipstick,0.08309165388345718
bag,ink,0.03441717103123665
bag,pens,0.033602844923734665
bag,pen,0.031262535601854324
bag,gum,0.025502478703856468
bag,pencil,0.021057039499282837
bag,water,0.02041938528418541
bag,books,0.013342256657779217
bag,paint,0.011426132172346115
bag,keys,0.01040982361882925
bag,charcoal,0.009516158141195774
bag,lyrics,0.00791240856051445
bag,tissues,0.006751249078661203
bag,money,0.006317672319710255
bag,chords,0.005583786405622959
bag,that,0.005240906961262226
bag,music,0.004974746145308018
bag,one,0.00487076211720705
bag,stuff,0.004237886052578688
bag,these,0.004137260373681784
bag,ideas,0.004093406721949577
bag,letters,0.004038804676383734
bag,numbers,0.0033351059537380934
bag,notes,0.0033210234250873327
bag,you,0.0032157287932932377
bag,words,0.002972809597849846
bag,poetry,0.002782248891890049
bag,ashes,0.0027155752759426832
bag,me,0.00265037314966321
bag,matches,0.002582770073786378
bag,cash,0.0023724031634628773
bag,memories,0.002295253798365593
bag,magazines,0.0022823731414973736
bag,journals,0.002185232937335968
bag,mine,0.002149545354768634
bag,diaries,0.0020525543950498104
bag,markers,0.001963079208508134
bag,candy,0.0019449660321697593
bag,receipts,0.0019033857388421893
bag,textbooks,0.0018979243468493223
bag,clothes,0.0018871204229071736
bag,makeup,0.0017565255984663963
bag,writing,0.0017441081581637263
bag,batteries,0.0016612854087725282
bag,email,0.0015764218987897038
bag,graffiti,0.0014614628162235022
bag,photographs,0.0014415394980460405
bag,some,0.001402667141519487
bag,juice,0.0013534766621887684
bag,photos,0.0013386807404458523
bag,text,0.0013311301590874791
bag,cards,0.0013236738741397858
bag,chocolate,0.0013193448539823294
bag,quotes,0.0012471594382077456
bag,coffee,0.0012100132880732417
bag,notebook,0.00118466024287045
bag,candles,0.0011526684975251555
bag,sketches,0.0011305497027933598
bag,two,0.0011240337044000626
bag,newspapers,0.0011163888266310096
bag,quarters,0.001116196159273386
bag,ash,0.0010953714372590184
bag,paste,0.0010212116176262498
bag,enough,0.0009695747867226601
bag,rocks,0.0009575626463629305
bag,literature,0.0009255047189071774
bag,tape,0.0009240988874807954
bag,nails,0.0008824964752420783
bag,papers,0.0008822220843285322
bag,yellow,0.0008414930780418217
bag,trash,0.0008414056501351297
bag,dust,0.000833751808386296
bag,air,0.0007913106819614768
bag,messages,0.000772421364672482
bag,newspaper,0.000761619710829109
bag,texts,0.00074089749250561
bag,here,0.0007263774168677628
bag,memory,0.0007196614751592278
bag,paperwork,0.0007088468410074711
bag,yarn,0.0007073274464346468
bag,perfume,0.0007004301878623664
bag,blood,0.0006964085041545331
bag,feelings,0.0006900170701555908
bag,theories,0.0006860734429210424
bag,something,0.0006830233614891768
bag,curiosity,0.0006654009921476245
bag,copies,0.0006642496446147561
bag,hope,0.0006201568758115172
bag,half,0.0006146240048110485
bag,impressions,0.0006115439464338124
bag,crap,0.0006022442830726504
bag,yours,0.0005931896157562733
bag,a,0.0005913358763791621
bag,fragments,0.0005858902586624026
bag,supplies,0.0005848719738423824
bag,things,0.0005462368717417121
bag,theory,0.000542056339327246
bakery,coffee,0.3280632495880127
bakery,chocolate,0.12945137917995453
bakery,pie,0.11475452035665512
bakery,cakes,0.03698396310210228
bakery,fruit,0.03274894505739212
bakery,dessert,0.0278855599462986
bakery,vanilla,0.02606239542365074
bakery,cherry,0.021334894001483917
bakery,bread,0.019861195236444473
bakery,cookies,0.018995454534888268
bakery,cake,0.016736019402742386
bakery,breakfast,0.014921966008841991
bakery,candy,0.013226334005594254
bakery,milk,0.011531955562531948
bakery,tea,0.011227323673665524
bakery,beer,0.009874402545392513
bakery,one,0.009632599540054798
bakery,soda,0.008572355844080448
bakery,peanuts,0.00683585973456502
bakery,sugar,0.006737020798027515
bakery,cream,0.005912131164222956
bakery,ice,0.004846051800996065
bakery,sake,0.004460442811250687
bakery,honey,0.004384916741400957
bakery,sandwiches,0.0036759248469024897
bakery,crap,0.0034036131110042334
bakery,nuts,0.0033439367543905973
bakery,apples,0.0032928441651165485
bakery,flowers,0.003236989490687847
bakery,two,0.0030602896586060524
bakery,eggs,0.002855568192899227
bakery,bananas,0.0027634785510599613
bakery,sweets,0.0026734734419733286
bakery,pudding,0.0025846397038549185
bakery,soup,0.002576272701844573
bakery,water,0.0018987712683156133
bakery,candles,0.0018255725735798478
bakery,pasta,0.0017479242524132133
bakery,wine,0.001738284365274012
bakery,juice,0.0017349885310977697
bakery,syrup,0.0016883478965610266
bakery,sweet,0.0016875575529411435
bakery,bourbon,0.0016210288740694523
bakery,pancakes,0.0015525470953434706
bakery,italian,0.0015323461266234517
bakery,pizza,0.0014884833944961429
bakery,shit,0.001456642523407936
bakery,champagne,0.0013016404118388891
bakery,lobster,0.00125007180031389
bakery,dinner,0.0012387005845084786
bakery,rocks,0.001187117537483573
bakery,brandy,0.001163578242994845
bakery,cheese,0.0011272754054516554
bakery,chinese,0.0010268953628838062
bakery,jam,0.0010234031360596418
bakery,roses,0.0010069181444123387
bakery,jelly,0.0009176841704174876
bakery,crust,0.0008969100890681148
bakery,apple,0.0008799540810286999
bakery,strawberry,0.0008579082204960287
bakery,rolls,0.0008440068922936916
bakery,chips,0.0008208012441173196
bakery,butter,0.0007966920384205878
bakery,cookie,0.0007806792855262756
bakery,beans,0.0007405943470075727
bakery,fruits,0.0007222286658361554
bakery,salad,0.0007048150291666389
bakery,danish,0.0006341988919302821
bakery,flour,0.0005993113154545426
bakery,cash,0.0005877919029444456
bakery,cones,0.0005860679084435105
bakery,lunch,0.0005566178588196635
bakery,family,0.0005358417402021587
bakery,grapes,0.0005235682474449277
bakery,meat,0.0005213271942920983
bakery,beef,0.0005186147172935307
bakery,pop,0.0005140990833751857
bakery,starters,0.0005024573183618486
bakery,whiskey,0.0004981897072866559
bakery,us,0.0004868125542998314
bakery,popcorn,0.0004761264135595411
bakery,mushrooms,0.0004658956022467464
bakery,steak,0.0004293480596970767
bakery,christmas,0.0004173290799371898
bakery,that,0.0004140391247346997
bakery,stuff,0.0004068452981300652
bakery,you,0.00038332774420268834
bakery,coconut,0.0003650779544841498
bakery,presents,0.000362971710273996
bakery,yeast,0.00035812833812087774
bakery,corn,0.00035797912278212607
bakery,tomatoes,0.00035372216370888054
bakery,sap,0.00034786746255122125
bakery,some,0.0003464312758296728
bakery,greek,0.00034374219831079245
bakery,peach,0.00033080167486332357
bakery,egg,0.00030929085914976895
bakery,ash,0.00030175066785886884
bakery,me,0.00029967035516165197
bakery,cereal,0.00029817825998179615
beach,shorts,0.46025168895721436
beach,jeans,0.2516119182109833
beach,clothes,0.12041930854320526
beach,this,0.030100317671895027
beach,shirts,0.020295271649956703
beach,sandals,0.018065884709358215
beach,pants,0.012321331538259983
beach,underwear,0.010343107394874096
beach,one,0.009071319364011288
beach,bikini,0.008704131469130516
beach,suits,0.006841666530817747
beach,shoes,0.005609652493149042
beach,boxers,0.004737190902233124
beach,slacks,0.004082791041582823
beach,dresses,0.0034914433490484953
beach,pajamas,0.0031124847009778023
beach,panties,0.0028027337975800037
beach,towels,0.0014782192884013057
beach,shirt,0.0013789428630843759
beach,heels,0.0011603804305195808
beach,trunks,0.0010108699789270759
beach,white,0.0009101009927690029
beach,black,0.0008671284886077046
beach,that,0.0007533218595199287
beach,robes,0.0006686713895760477
beach,trousers,0.0006551049300469458
beach,clothing,0.000589343486353755
beach,two,0.0005715790903195739
beach,me,0.0005273814895190299
beach,lipstick,0.0005061993142589927
beach,you,0.0004874101432505995
beach,outfits,0.0004740085278172046
beach,these,0.000417866074712947
beach,boots,0.0003665299736894667
beach,luggage,0.0003607751859817654
beach,outfit,0.00030130817322060466
beach,ties,0.00029917844221927226
beach,jackets,0.0002942442079074681
beach,water,0.00025705978623591363
beach,today,0.0002560427237767726
beach,suit,0.00024463568115606904
beach,makeup,0.00024042667064350098
beach,blue,0.0002333032462047413
beach,on,0.00021736923372372985
beach,to,0.0002078555553453043
beach,sheets,0.00020682575996033847
beach,shells,0.00019764419994316995
beach,jewelry,0.00019453937420621514
beach,things,0.0001880963973235339
beach,dress,0.00018493898096494377
beach,sweater,0.00017903563275467604
beach,towel,0.00016939261695370078
beach,casual,0.00016719447739887983
beach,cash,0.00016265601152554154
beach,skin,0.00016197428340092301
beach,something,0.00016156051424331963
beach,skirts,0.00015324466221500188
beach,money,0.00015315160271711648
beach,costumes,0.00015049865760374814
beach,yesterday,0.0001428780087735504
beach,layers,0.00013555648911278695
beach,girlfriends,0.0001352193794446066
beach,mine,0.00013177913206163794
beach,enough,0.0001311024825554341
beach,briefs,0.00012948381481692195
beach,yours,0.00012371430057100952
beach,summer,0.00012325738498475403
beach,socks,0.00012285988486837596
beach,tops,0.0001228310720762238
beach,red,0.0001198529134853743
beach,some,0.00011841693776659667
beach,sunglasses,0.00011733293649740517
beach,sweatshirt,0.00011347445979481563
beach,jersey,0.00010833045962499455
beach,whites,0.00010601562826195732
beach,cape,0.00010340395238017663
beach,work,0.00010128139547305182
beach,bra,0.00010039895278168842
beach,pink,8.865298877935857e-05
beach,myself,8.511830674251541e-05
beach,fabric,8.262933988589793e-05
beach,leather,8.230334060499445e-05
beach,sneakers,8.085559966275468e-05
beach,shades,8.00874040578492e-05
beach,material,7.909171836217865e-05
beach,uniforms,7.885057857492939e-05
beach,henley,7.573474431410432e-05
beach,ski,7.571560854557902e-05
beach,perfume,7.402425399050117e-05
beach,costume,7.296833791770041e-05
beach,dinner,7.105839904397726e-05
beach,matches,7.066670514177531e-05
beach,gear,7.05315760569647e-05
beach,tonight,6.758534436812624e-05
beach,hair,6.634984310949221e-05
beach,tissues,6.52816379442811e-05
beach,flats,6.446062616305426e-05
beach,yellow,6.303487316472456e-05
beach,fit,6.246141856536269e-05
beach,half,5.750430500484072e-05
cold,one,0.36845681071281433
cold,two,0.06608965247869492
cold,supplies,0.049422167241573334
cold,electricity,0.03129944950342178
cold,windows,0.026447219774127007
cold,rooms,0.025506185367703438
cold,towels,0.02242911607027054
cold,three,0.016886122524738312
cold,me,0.01679794304072857
cold,gas,0.014523453079164028
cold,ice,0.014520642347633839
cold,room,0.012847202830016613
cold,you,0.012792211957275867
cold,cabins,0.011142582632601261
cold,water,0.010491713881492615
cold,us,0.010458916425704956
cold,hay,0.010253659449517727
cold,four,0.010220104828476906
cold,bedrooms,0.00976763665676117
cold,this,0.00868979375809431
cold,tv,0.008597610518336296
cold,snow,0.008522311225533485
cold,guests,0.008496222086250782
cold,beer,0.0067602647468447685
cold,books,0.006486561615020037
cold,ten,0.0060731396079063416
cold,movies,0.00600388552993536
cold,sheets,0.004944830667227507
cold,wood,0.004874221049249172
cold,five,0.004746878519654274
cold,eight,0.004215146414935589
cold,beds,0.00384759483858943
cold,chairs,0.003800647798925638
cold,six,0.0033705446403473616
cold,coffee,0.0030580912716686726
cold,horses,0.0029641392175108194
cold,that,0.002958937082439661
cold,spring,0.0027409810572862625
cold,enough,0.0027356247883290052
cold,cabinets,0.0026308672968298197
cold,pictures,0.0025654593482613564
cold,stove,0.002488756086677313
cold,keys,0.0023142118006944656
cold,summer,0.002253149636089802
cold,furniture,0.0022083944641053677
cold,nine,0.0021746684797108173
cold,groceries,0.0021377766970545053
cold,family,0.001959406305104494
cold,christmas,0.0018729999428614974
cold,company,0.0018204014049842954
cold,paint,0.0017112704226747155
cold,eleven,0.001699718995951116
cold,storage,0.0016700673149898648
cold,wings,0.0016341207083314657
cold,air,0.0016269910847768188
cold,seven,0.0016171386232599616
cold,twelve,0.001584413810633123
cold,candles,0.0015058360295370221
cold,curtains,0.0014845260884612799
cold,rent,0.0014407428679987788
cold,winter,0.001351159648038447
cold,upstairs,0.0013444500509649515
cold,television,0.0013437079032883048
cold,food,0.0012343733105808496
cold,tables,0.0011823794338852167
cold,seats,0.0011538976104930043
cold,cars,0.0011363287921994925
cold,insulation,0.0011264948407188058
cold,it,0.0011108454782515764
cold,servants,0.001096041640266776
cold,boats,0.0010508039267733693
cold,light,0.0010432869894430041
cold,people,0.001036786357872188
cold,bathrooms,0.00103382533416152
cold,spirits,0.0009872321970760822
cold,blankets,0.0009467997588217258
cold,space,0.0009261928498744965
cold,english,0.0009195059537887573
cold,presents,0.0008935519144870341
cold,cash,0.0008472937624901533
cold,tea,0.0008463005069643259
cold,here,0.0008262466872110963
cold,vanilla,0.0008262285264208913
cold,showers,0.0008261087932623923
cold,money,0.0008247563964687288
cold,internet,0.0008019476663321257
cold,them,0.0007623698911629617
cold,springs,0.0007586550200358033
cold,fuel,0.000730579427909106
cold,crap,0.0007249326445162296
cold,service,0.0007206747541204095
cold,vacancy,0.0007192260818555951
cold,once,0.00071215775096789
cold,boxes,0.0006877133855596185
cold,staff,0.0006869863718748093
cold,trucks,0.0006827341858297586
cold,breakfast,0.0006319234962575138
cold,tourists,0.0006291759782470763
cold,insurance,0.0006011367659084499
cold,stables,0.0005557356053031981
cut,one,0.553796112537384
cut,two,0.058896806091070175
cut,this,0.05554010346531868
cut,mine,0.03594036027789116
cut,it,0.022113027051091194
cut,yours,0.018705543130636215
cut,some,0.018031610175967216
cut,three,0.015956424176692963
cut,lipstick,0.014791546389460564
cut,jeans,0.004921328742057085
cut,cash,0.004897007718682289
cut,enough,0.004739335738122463
cut,five,0.004358908627182245
cut,that,0.004337875172495842
cut,you,0.003987037111073732
cut,four,0.0034523755311965942
cut,these,0.00338836875744164
cut,money,0.003114967839792371
cut,half,0.002855780767276883
cut,underwear,0.0025708486791700125
cut,ten,0.0023806788958609104
cut,perfume,0.002378626260906458
cut,seven,0.0022867827210575342
cut,six,0.002045938977971673
cut,pictures,0.001933951280079782
cut,prints,0.0019269637996330857
cut,them,0.001877238042652607
cut,eight,0.0018655945314094424
cut,black,0.0018550155218690634
cut,yesterday,0.0018409122712910175
cut,buttons,0.001782741630449891
cut,pants,0.0017646914348006248
cut,1,0.0016323833260685205
cut,socks,0.0015664901584386826
cut,plastic,0.00152675062417984
cut,shoes,0.0015166300581768155
cut,nine,0.0014447487192228436
cut,me,0.0012929098447784781
cut,tags,0.0012741816462948918
cut,shorts,0.0011394392931833863
cut,clothes,0.0011297906748950481
cut,panties,0.001113925245590508
cut,cherry,0.001103210379369557
cut,jewelry,0.0010557461064308882
cut,twenty,0.001033336971886456
cut,yellow,0.0010210825130343437
cut,leather,0.0010010594269260764
cut,shirts,0.0008865068666636944
cut,copies,0.000854122859891504
cut,my,0.000844462716486305
cut,2,0.0008240704191848636
cut,patches,0.0008198805153369904
cut,hope,0.0008106945897452533
cut,silver,0.0008011889876797795
cut,boxers,0.0007536450284533203
cut,hers,0.0007196977385319769
cut,paper,0.000712301058229059
cut,stock,0.0007091144798323512
cut,chocolate,0.0006970097310841084
cut,tape,0.0006818147958256304
cut,pockets,0.0006811922066845
cut,to,0.0006722836988046765
cut,samples,0.0006251772865653038
cut,instructions,0.0006106277578510344
cut,moss,0.0006090557435527444
cut,eyes,0.0005839698715135455
cut,books,0.0005641261232085526
cut,seconds,0.0005627544596791267
cut,once,0.0005572805530391634
cut,um,0.0005252612172625959
cut,today,0.0005205030320212245
cut,candy,0.0005202176980674267
cut,those,0.0005172011442482471
cut,ms,0.0005148672498762608
cut,online,0.0005070551414974034
cut,matches,0.0005054090870544314
cut,memories,0.0005032001063227654
cut,hair,0.0005015706992708147
cut,batteries,0.00048683956265449524
cut,rags,0.0004833228013012558
cut,nails,0.0004787118814419955
cut,pen,0.00047637830721214414
cut,pink,0.00047126159188337624
cut,towels,0.00046734456554986537
cut,bits,0.00045787234557792544
cut,the,0.0004575681232381612
cut,her,0.0004550775629468262
cut,red,0.0004359762533567846
cut,clearance,0.000423761666752398
cut,crap,0.00042330040014348924
cut,shit,0.0004190843610558659
cut,blue,0.0004173014604020864
cut,twelve,0.00041173078352585435
cut,myself,0.0004078446654602885
cut,stuff,0.0004046659742016345
cut,coffee,0.00040338249527849257
cut,zip,0.0003902994794771075
cut,supplies,0.0003889276413246989
cut,trash,0.00038791768020018935
cut,3,0.0003829989000223577
fridge,water,0.9598788619041443
fridge,beer,0.013515306636691093
fridge,soda,0.009608945809304714
fridge,juice,0.003727230243384838
fridge,milk,0.002278032014146447
fridge,coffee,0.001995523925870657
fridge,wine,0.0007875633891671896
fridge,coke,0.000702542660292238
fridge,tea,0.0006466949707828462
fridge,fruit,0.000498052395414561
fridge,ice,0.000454976805485785
fridge,cereal,0.00034511025296524167
fridge,chocolate,0.0003038048162125051
fridge,one,0.0002955490199383348
fridge,whiskey,0.00028030466637574136
fridge,rum,0.0002080845442833379
fridge,salt,0.00014170241774991155
fridge,blood,0.00013937904441263527
fridge,sandwiches,0.0001353940460830927
fridge,bread,0.00011050665489165112
fridge,food,0.00010182292317040265
fridge,tuna,9.641015640227124e-05
fridge,port,9.417260298505425e-05
fridge,soup,8.883677219273522e-05
fridge,some,8.72739328769967e-05
fridge,shorts,8.625962800579146e-05
fridge,apples,8.065855945460498e-05
fridge,two,8.054010686464608e-05
fridge,tequila,7.974493928486481e-05
fridge,bananas,7.84998555900529e-05
fridge,chips,6.823360308771953e-05
fridge,this,6.823060539318249e-05
fridge,sugar,6.4814870711416e-05
fridge,vodka,5.8781839470611885e-05
fridge,dinner,5.672857878380455e-05
fridge,gum,5.436519859358668e-05
fridge,pizza,5.304605292622e-05
fridge,ale,5.073346255812794e-05
fridge,rocks,4.945831824443303e-05
fridge,candy,4.850979894399643e-05
fridge,beers,4.850864570471458e-05
fridge,alcohol,4.680118945543654e-05
fridge,pasta,4.6227760321926326e-05
fridge,air,4.4480890210252255e-05
fridge,eggs,4.330685987952165e-05
fridge,ash,3.9917078538564965e-05
fridge,breakfast,3.402067522983998e-05
fridge,bourbon,3.3100121072493494e-05
fridge,mine,3.296406430308707e-05
fridge,gas,3.0237904866226017e-05
fridge,lunch,2.936927558039315e-05
fridge,guinness,2.923388638009783e-05
fridge,honey,2.9087108487146907e-05
fridge,sake,2.8408754587871954e-05
fridge,glass,2.770388891804032e-05
fridge,egg,2.7338102881913073e-05
fridge,liquor,2.6437430278747343e-05
fridge,me,2.590912663436029e-05
fridge,desert,2.5367831767653115e-05
fridge,pepsi,2.500695154594723e-05
fridge,pie,2.4896706236177124e-05
fridge,peanuts,2.2984244424151257e-05
fridge,scotch,2.286086601088755e-05
fridge,mac,2.254829087178223e-05
fridge,medicine,2.204277006967459e-05
fridge,cash,2.1620855477522127e-05
fridge,half,2.081191814795602e-05
fridge,cheese,2.0350023987703025e-05
fridge,chili,1.9645092834252864e-05
fridge,pop,1.9577108105295338e-05
fridge,sap,1.946449810930062e-05
fridge,onions,1.9380904632271267e-05
fridge,cream,1.933084240590688e-05
fridge,cans,1.7910735550685786e-05
fridge,popcorn,1.7745627701515332e-05
fridge,thirst,1.7270493117393926e-05
fridge,you,1.7265881979255937e-05
fridge,plastic,1.665021773078479e-05
fridge,tablets,1.664469345996622e-05
fridge,cookies,1.6530446373508312e-05
fridge,light,1.6107867850223556e-05
fridge,oil,1.6081834473880008e-05
fridge,fish,1.5637195247109048e-05
fridge,lime,1.546212297398597e-05
fridge,sip,1.5272076780092902e-05
fridge,stuff,1.5227631593006663e-05
fridge,jelly,1.4447567991737742e-05
fridge,thirsty,1.4067296433495358e-05
fridge,movies,1.3865260370948818e-05
fridge,crap,1.3838219274475705e-05
fridge,enough,1.3399076124187559e-05
fridge,salad,1.330051054537762e-05
fridge,vanilla,1.3017768651479855e-05
fridge,butter,1.2985417924937792e-05
fridge,apple,1.2332981896179263e-05
fridge,liquid,1.2038055501761846e-05
fridge,pudding,1.1893598639289849e-05
fridge,grapes,1.1689647180901375e-05
fridge,syrup,1.139009964390425e-05
fridge,jam,1.1384094250388443e-05
gym,one,0.16266141831874847
gym,football,0.14256441593170166
gym,basketball,0.06419982761144638
gym,boxing,0.0542401522397995
gym,sports,0.04282376915216446
gym,two,0.03313348442316055
gym,wrestling,0.030443092808127403
gym,volleyball,0.026892952620983124
gym,karate,0.02405918948352337
gym,gym,0.02306598238646984
gym,three,0.022417571395635605
gym,bowling,0.021991461515426636
gym,swimming,0.015233345329761505
gym,taekwondo,0.014197197742760181
gym,boxers,0.012793493457138538
gym,gymnastics,0.012333573773503304
gym,four,0.010975148528814316
gym,soccer,0.009729250334203243
gym,dance,0.008697131648659706
gym,men,0.008552534505724907
gym,badminton,0.008501960895955563
gym,five,0.007886662147939205
gym,exercise,0.0074254353530704975
gym,english,0.005899940617382526
gym,yoga,0.005848781205713749
gym,1,0.005376538727432489
gym,judo,0.005321004893630743
gym,dancing,0.0052897874265909195
gym,fitness,0.005030994303524494
gym,softball,0.004906059708446264
gym,boys,0.004643236752599478
gym,singles,0.004260337445884943
gym,track,0.0042324187234044075
gym,lacrosse,0.0040495130233466625
gym,classes,0.0036819898523390293
gym,training,0.003627440659329295
gym,3,0.0034284915309399366
gym,athletics,0.0031644077971577644
gym,2,0.003124670358374715
gym,girls,0.0031058823224157095
gym,ballet,0.0030062589794397354
gym,tennis,0.0029964898712933064
gym,baseball,0.0024740961380302906
gym,ten,0.0023452769964933395
gym,six,0.002163512632250786
gym,math,0.002067961497232318
gym,us,0.002055815188214183
gym,golf,0.0020499613601714373
gym,dances,0.002038719831034541
gym,exercises,0.00201063952408731
gym,cheerleading,0.001996770268306136
gym,business,0.001955941319465637
gym,seven,0.0018858223920688033
gym,juniors,0.0018068896606564522
gym,weight,0.0017353387083858252
gym,theory,0.0016460706247016788
gym,nine,0.0015811864286661148
gym,strength,0.0015313506592065096
gym,beauty,0.0015233381418511271
gym,activities,0.001508463523350656
gym,pe,0.0014383555389940739
gym,me,0.001387270400300622
gym,hockey,0.001317561138421297
gym,ones,0.0012738433433696628
gym,weightlifting,0.001268902444280684
gym,basic,0.0011411908781155944
gym,4,0.001139639993198216
gym,academics,0.0011376646580174565
gym,science,0.0010655277874320745
gym,music,0.00105684669688344
gym,sport,0.0010161811951547861
gym,health,0.0010063465451821685
gym,spanish,0.001000190619379282
gym,ap,0.0009803256252780557
gym,snooker,0.000979384290985763
gym,movies,0.000928952475078404
gym,conditioning,0.0008866311400197446
gym,10,0.0008775978931225836
gym,b,0.0008696360164321959
gym,surfing,0.0008621664019301534
gym,biology,0.0007850095862522721
gym,club,0.0007770383381284773
gym,male,0.0007558350334875286
gym,eight,0.0007548207649961114
gym,ropes,0.0007375298300758004
gym,netball,0.0007305034669116139
gym,trainers,0.0007140865782275796
gym,5,0.0006973445415496826
gym,women,0.0006956364959478378
gym,cheer,0.0006916660931892693
gym,rugby,0.0006517930305562913
gym,twelve,0.0006451714434660971
gym,fun,0.0006428829510696232
gym,7,0.000635907519608736
gym,mma,0.0006215414614416659
gym,200,0.0006146837840788066
gym,team,0.0006102738552726805
gym,weapons,0.0006019706488586962
gym,athletes,0.0005986924516037107
gym,you,0.0005957944085821509
hot,coffee,0.12359460443258286
hot,beer,0.1166096180677414
hot,water,0.06373053789138794
hot,electricity,0.04422150179743767
hot,presents,0.039734140038490295
hot,one,0.03746321424841881
hot,tea,0.03208933770656586
hot,candles,0.028679698705673218
hot,towels,0.026122502982616425
hot,two,0.022278547286987305
hot,chocolate,0.020199676975607872
hot,me,0.01410704106092453
hot,milk,0.013751749880611897
hot,champagne,0.011948912404477596
hot,balloons,0.010505340062081814
hot,guests,0.00929808709770441
hot,movies,0.008939427323639393
hot,tv,0.00856680329889059
hot,money,0.008092050440609455
hot,supplies,0.006915790028870106
hot,gas,0.006543044466525316
hot,family,0.006459258962422609
hot,cookies,0.006144499406218529
hot,sandwiches,0.0061412774957716465
hot,salt,0.006128768436610699
hot,summer,0.005960965063422918
hot,five,0.005501709412783384
hot,you,0.005437286105006933
hot,breakfast,0.005433258600533009
hot,sugar,0.005298248957842588
hot,four,0.005084824748337269
hot,sonar,0.005082051735371351
hot,ice,0.0049103847704827785
hot,insurance,0.004704641178250313
hot,us,0.0040196701884269714
hot,books,0.004018436186015606
hot,groceries,0.00397735508158803
hot,asthma,0.003944149240851402
hot,ten,0.0035894697066396475
hot,three,0.0035024594981223345
hot,dinner,0.0034699509851634502
hot,horses,0.0034516104497015476
hot,tuna,0.0034489186946302652
hot,peanuts,0.0031556261237710714
hot,beers,0.0030567559879273176
hot,boats,0.00276174652390182
hot,alcohol,0.0026409276761114597
hot,tradition,0.002616542624309659
hot,tomatoes,0.002610869240015745
hot,nine,0.0025522620417177677
hot,seven,0.0024283048696815968
hot,spirits,0.0022869014646857977
hot,whiskey,0.0021429655607789755
hot,vanilla,0.0021425015293061733
hot,wine,0.0021033636294305325
hot,brandy,0.0020962883718311787
hot,lobster,0.002077812096104026
hot,garlic,0.002075202064588666
hot,twelve,0.0020488023292273283
hot,magic,0.0020189727656543255
hot,vodka,0.001975635066628456
hot,company,0.0019700415432453156
hot,television,0.001944006304256618
hot,liquor,0.0019325639586895704
hot,weekends,0.0019172139000147581
hot,trout,0.0018976281862705946
hot,eight,0.0018903561867773533
hot,cash,0.0018796493532136083
hot,shorts,0.0018343711271882057
hot,sheets,0.0018185534281656146
hot,food,0.0017840445507317781
hot,eleven,0.0017661965684965253
hot,eyes,0.0015109701780602336
hot,oceans,0.0014352148864418268
hot,dogs,0.0014188946224749088
hot,pictures,0.0013856453588232398
hot,chili,0.0013709107879549265
hot,oil,0.0013510502176359296
hot,gills,0.0013398178853094578
hot,kids,0.001335045089945197
hot,air,0.0013217015657573938
hot,port,0.001303300610743463
hot,popcorn,0.0012852343497797847
hot,bills,0.0012844110606238246
hot,six,0.0012823536526411772
hot,cabins,0.001271911896765232
hot,twenty,0.0012635468738153577
hot,dreams,0.001232558279298246
hot,baths,0.001230626250617206
hot,stove,0.0012197935720905662
hot,pool,0.001214959193021059
hot,christmas,0.0011146563338115811
hot,gifts,0.0010943433735519648
hot,traditions,0.0010928320698440075
hot,hay,0.0010737152770161629
hot,english,0.0010697200195863843
hot,shoes,0.0010518457274883986
hot,cars,0.0010501618962734938
hot,mushrooms,0.001032553380355239
hot,oxygen,0.0010174926137551665
mall,one,0.18305432796478271
mall,two,0.09168752282857895
mall,shops,0.06272289901971817
mall,lunch,0.04888419806957245
mall,food,0.045911598950624466
mall,restaurants,0.02648686245083809
mall,three,0.024445585906505585
mall,bathrooms,0.023578763008117676
mall,stores,0.01566299982368946
mall,stalls,0.011832064017653465
mall,parking,0.011169751174747944
mall,windows,0.010925674811005592
mall,us,0.010757304728031158
mall,pizza,0.010423831641674042
mall,cars,0.009807086549699306
mall,coffee,0.009770547971129417
mall,outlets,0.009173120371997356
mall,crap,0.008944719098508358
mall,movies,0.00796971470117569
mall,floors,0.006582810077816248
mall,five,0.006530094426125288
mall,seven,0.006216695532202721
mall,1,0.005854956340044737
mall,openings,0.005697615910321474
mall,flowers,0.005536582786589861
mall,twelve,0.005439083557575941
mall,four,0.005305001512169838
mall,water,0.00507055688649416
mall,six,0.00501314178109169
mall,boxes,0.004976492375135422
mall,entrance,0.004897101316601038
mall,employees,0.0047792596742510796
mall,2,0.004719612654298544
mall,me,0.004449422471225262
mall,eleven,0.004364207852631807
mall,kids,0.004002951551228762
mall,7,0.003985285293310881
mall,vegetables,0.00345339672639966
mall,ten,0.0032518170773983
mall,shoes,0.003205012995749712
mall,eight,0.002918887883424759
mall,customers,0.002904038643464446
mall,aisles,0.0028317284304648638
mall,retail,0.0026329043321311474
mall,tables,0.002630577888339758
mall,seniors,0.0026148376055061817
mall,vendors,0.0025742175057530403
mall,12,0.002518785884603858
mall,bananas,0.0024694346357136965
mall,twenty,0.0024641461204737425
mall,doors,0.002410992980003357
mall,phones,0.002409218577668071
mall,english,0.0023966284934431314
mall,lots,0.0023940219543874264
mall,3,0.0022316419053822756
mall,clothes,0.0021982297766953707
mall,sears,0.00215523736551404
mall,sections,0.0021239251364022493
mall,offices,0.002083760453388095
mall,toilets,0.0018743625842034817
mall,sandwiches,0.0018567953957244754
mall,supplies,0.0018204301595687866
mall,entrances,0.0018172456184402108
mall,shelves,0.0017819252097979188
mall,books,0.0017809482524171472
mall,cafes,0.0017666894709691405
mall,staples,0.0017041901592165232
mall,anchors,0.0016805442282930017
mall,popcorn,0.0016671641496941447
mall,showers,0.0016217217780649662
mall,toys,0.0016166260465979576
mall,blocks,0.0016049727564677596
mall,mall,0.0015259037027135491
mall,shopping,0.0014733957359567285
mall,cafeteria,0.001469104434363544
mall,slots,0.0014674346894025803
mall,services,0.0014667316572740674
mall,nine,0.0014507438754662871
mall,thirty,0.0014444072730839252
mall,entry,0.0014007447753101587
mall,150,0.0013598233927041292
mall,computers,0.0013551453594118357
mall,rent,0.0013444527285173535
mall,tomatoes,0.001321644289419055
mall,service,0.0013040872290730476
mall,booths,0.0013036271557211876
mall,300,0.001294839195907116
mall,rents,0.001267150859348476
mall,electronics,0.001261577708646655
mall,markets,0.0011845054104924202
mall,11,0.0011722460621967912
mall,8,0.0011626322520896792
mall,tea,0.001147780567407608
mall,160,0.0011267291847616434
mall,groceries,0.0011186120100319386
mall,concessions,0.0011163547169417143
mall,5,0.0011117358226329088
mall,imports,0.0010879640467464924
mall,locals,0.00106435373891145
mall,pets,0.001061473973095417
mask,one,0.31018319725990295
mask,mine,0.168341264128685
mask,cash,0.07366850227117538
mask,this,0.06874240189790726
mask,yours,0.04222598299384117
mask,two,0.03562229871749878
mask,lipstick,0.025239309296011925
mask,shorts,0.019451025873422623
mask,these,0.01332610659301281
mask,jeans,0.012177771888673306
mask,makeup,0.008790748193860054
mask,clothes,0.008729977533221245
mask,money,0.008727497421205044
mask,black,0.006868516094982624
mask,hers,0.006752511486411095
mask,perfume,0.006345460657030344
mask,jewelry,0.006252113729715347
mask,you,0.006228048354387283
mask,it,0.005920375697314739
mask,gloves,0.005560495890676975
mask,me,0.005042587872594595
mask,sunglasses,0.004746868275105953
mask,that,0.003999101929366589
mask,sandals,0.003990004770457745
mask,shoes,0.003248665016144514
mask,shirts,0.002852322068065405
mask,three,0.002832890022546053
mask,some,0.002827346557751298
mask,water,0.0028180619701743126
mask,underwear,0.002525205723941326
mask,half,0.002522509777918458
mask,coffee,0.0025071436539292336
mask,my,0.00248882663436234
mask,matches,0.0022683467250317335
mask,enough,0.002170395804569125
mask,boxers,0.0019620349630713463
mask,them,0.001584258396178484
mask,shells,0.0015084876213222742
mask,rings,0.001457856153137982
mask,those,0.0013435179134830832
mask,chocolate,0.0013046875828877091
mask,dollars,0.0012820119736716151
mask,cologne,0.0012603657087311149
mask,panties,0.0012386555317789316
mask,his,0.0011819856008514762
mask,pants,0.0011513810604810715
mask,candy,0.0009987195953726768
mask,supplies,0.0009673218009993434
mask,paper,0.0009611487039364874
mask,gum,0.0009526950307190418
mask,costume,0.0009033394162543118
mask,today,0.0008685263455845416
mask,red,0.0008570236968807876
mask,soap,0.0008395949844270945
mask,her,0.0008198032155632973
mask,sneakers,0.0008124985615722835
mask,books,0.0008072407799772918
mask,a,0.0008058839594013989
mask,rags,0.0007656525122001767
mask,earrings,0.0007500189822167158
mask,keys,0.0006902082823216915
mask,condoms,0.0006076680729165673
mask,rubber,0.0005991171346977353
mask,yellow,0.0005823629908263683
mask,five,0.0005809642607346177
mask,leather,0.0005750315031036735
mask,plastic,0.0005743393558077514
mask,hope,0.0005655900458805263
mask,caps,0.0005610751686617732
mask,tonight,0.0005523080471903086
mask,eyes,0.0005467106821015477
mask,yesterday,0.0005465949652716517
mask,white,0.0005459270323626697
mask,glasses,0.0005416460917331278
mask,tissues,0.0005316775059327483
mask,boots,0.000528045289684087
mask,comics,0.0005221465835347772
mask,your,0.0005198022699914873
mask,socks,0.0005184289184398949
mask,basics,0.0005068661994300783
mask,twenty,0.000506098207551986
mask,candles,0.0005053894710727036
mask,purple,0.0005020713433623314
mask,four,0.0005009460146538913
mask,masks,0.0005007226718589664
mask,hair,0.0004737888230010867
mask,pajamas,0.0004591254109982401
mask,pen,0.00044945807894691825
mask,crap,0.0004282879817765206
mask,silver,0.000424052617745474
mask,blue,0.00042099965503439307
mask,mascara,0.0004068679118063301
mask,skin,0.0004022748616989702
mask,batteries,0.00039619702147319913
mask,here,0.0003940247115679085
mask,blood,0.0003870183718390763
mask,pairs,0.00038209292688407004
mask,fringe,0.00037471705581992865
mask,m,0.00036677878233604133
mask,seven,0.000351770780980587
meat,chicken,0.18102887272834778
meat,beef,0.1109292209148407
meat,vegetables,0.05548008158802986
meat,turkey,0.04017191380262375
meat,rice,0.03922255337238312
meat,noodles,0.036666352301836014
meat,seafood,0.03561866283416748
meat,fish,0.03426540642976761
meat,shrimp,0.03346976637840271
meat,salad,0.030836086720228195
meat,lobster,0.027342118322849274
meat,salmon,0.022326884791254997
meat,mushrooms,0.02188347838819027
meat,eggs,0.020352855324745178
meat,vegetarian,0.020218441262841225
meat,mustard,0.018839063122868538
meat,ham,0.016054896637797356
meat,two,0.015448914840817451
meat,tomatoes,0.01354121696203947
meat,meat,0.009953596629202366
meat,onions,0.00984934065490961
meat,one,0.009325488470494747
meat,hamburger,0.008327501825988293
meat,steak,0.008320183493196964
meat,bread,0.00708175590261817
meat,cheese,0.006623946130275726
meat,potatoes,0.006419903598725796
meat,lamb,0.005848121363669634
meat,tuna,0.005669885315001011
meat,beer,0.005600281525403261
meat,chinese,0.0052505973726511
meat,sandwiches,0.004355111625045538
meat,water,0.004351246170699596
meat,beans,0.0036488536279648542
meat,garlic,0.002947948407381773
meat,pork,0.0029016220942139626
meat,sauce,0.0028598697390407324
meat,me,0.0027527131605893373
meat,grapes,0.0026585699524730444
meat,wine,0.0025432324036955833
meat,milk,0.0025124691892415285
meat,fruit,0.0022335071116685867
meat,pasta,0.0022282330319285393
meat,us,0.0022022188641130924
meat,barbecue,0.0021937398705631495
meat,breakfast,0.002137256320565939
meat,barley,0.0020292375702410936
meat,ribs,0.0018640129128471017
meat,that,0.0018122059991583228
meat,bananas,0.001651315251365304
meat,ten,0.0016447253292426467
meat,fries,0.0016029353719204664
meat,thai,0.0015652852598577738
meat,bacon,0.0014483178965747356
meat,beers,0.0013706933241337538
meat,salt,0.0012944064801558852
meat,liver,0.0012711887247860432
meat,soup,0.0012408006004989147
meat,rabbit,0.0012189826229587197
meat,asian,0.0012152033159509301
meat,elk,0.0012123847845941782
meat,legs,0.0012114312266930938
meat,three,0.0011081872507929802
meat,desert,0.0010676609817892313
meat,catfish,0.0009516017162241042
meat,corn,0.000892824144102633
meat,juice,0.0008777775219641626
meat,starters,0.0008621595334261656
meat,you,0.0008472426561638713
meat,bologna,0.0008026367868296802
meat,trout,0.0007230730843730271
meat,five,0.0007152947364374995
meat,some,0.0007076405454427004
meat,sausage,0.0007042406941764057
meat,squid,0.0006866822368465364
meat,plastic,0.0006863287417218089
meat,sal,0.000683091813698411
meat,japanese,0.0006513801636174321
meat,chips,0.0006346001755446196
meat,pear,0.0006317307706922293
meat,coffee,0.0006137302843853831
meat,korean,0.0005893586203455925
meat,seven,0.0005719264154322445
meat,mango,0.0005713839782401919
meat,chili,0.0005609408253803849
meat,twenty,0.0005605820333585143
meat,greens,0.0005539559642784297
meat,rooster,0.0005299830809235573
meat,pie,0.0005159592838026583
meat,six,0.0005127820186316967
meat,four,0.0004867829557042569
meat,peas,0.0004733489186037332
meat,honey,0.00047106441343203187
meat,half,0.00043795659439638257
meat,blood,0.00043373610242269933
meat,wheat,0.0004326169437263161
meat,nuts,0.00042857456719502807
meat,goat,0.0004199794784653932
meat,vietnamese,0.00041673777741380036
meat,cherry,0.00041092809988185763
restaurant,water,0.32989445328712463
restaurant,beer,0.16726961731910706
restaurant,wine,0.0672701969742775
restaurant,tea,0.03412294760346413
restaurant,two,0.030220765620470047
restaurant,coffee,0.02342609316110611
restaurant,vodka,0.022121034562587738
restaurant,one,0.02083512209355831
restaurant,milk,0.01936347223818302
restaurant,rum,0.019146058708429337
restaurant,juice,0.018569830805063248
restaurant,soda,0.017389396205544472
restaurant,sake,0.017331434413790703
restaurant,beers,0.015141070820391178
restaurant,spirits,0.010426482185721397
restaurant,brandy,0.009625819511711597
restaurant,champagne,0.009450845420360565
restaurant,tequila,0.00791774969547987
restaurant,pepsi,0.007236083969473839
restaurant,guinness,0.006510019302368164
restaurant,scotch,0.00616596732288599
restaurant,coke,0.005359257105737925
restaurant,locals,0.0049272868782281876
restaurant,alcohol,0.004431199282407761
restaurant,liquor,0.003811054164543748
restaurant,fruit,0.003620490664616227
restaurant,whiskey,0.003564588027074933
restaurant,us,0.0034539520274847746
restaurant,sandwiches,0.0033242253120988607
restaurant,peanuts,0.0024161525070667267
restaurant,vanilla,0.002320829313248396
restaurant,cherry,0.002302509266883135
restaurant,three,0.0020911451429128647
restaurant,chinese,0.0020628245547413826
restaurant,ice,0.002060976345092058
restaurant,flowers,0.0019044306827709079
restaurant,chips,0.0018221837235614657
restaurant,bourbon,0.0017004116671159863
restaurant,rocks,0.0016242889687418938
restaurant,rice,0.0016126064583659172
restaurant,starters,0.0015444407472386956
restaurant,four,0.0015222403453662992
restaurant,aj,0.001513130497187376
restaurant,mushrooms,0.0014587288023903966
restaurant,crap,0.0014189515495672822
restaurant,gin,0.0013463145587593317
restaurant,seven,0.0013383404584601521
restaurant,ale,0.0012645198730751872
restaurant,soup,0.0012566348304972053
restaurant,singles,0.0011993787484243512
restaurant,fish,0.0010728085180744529
restaurant,whites,0.0010406171204522252
restaurant,five,0.0009649380808696151
restaurant,me,0.0009476517443545163
restaurant,chocolate,0.0008680977625772357
restaurant,drinks,0.0008274990250356495
restaurant,cash,0.0008001807727850974
restaurant,apple,0.0007877969765104353
restaurant,you,0.0007722288137301803
restaurant,salad,0.0007705368334427476
restaurant,pasta,0.000730887521058321
restaurant,vegetables,0.000694842601660639
restaurant,six,0.0006791091291233897
restaurant,black,0.0006556640146300197
restaurant,honey,0.0006039407453499734
restaurant,pitchers,0.0005891582695767283
restaurant,bananas,0.0005722420173697174
restaurant,pop,0.0005701404297724366
restaurant,gas,0.0005673141567967832
restaurant,seafood,0.0005302067729644477
restaurant,shots,0.0005294907605275512
restaurant,chicken,0.0005180189036764205
restaurant,mine,0.0005017723888158798
restaurant,men,0.0005009805900044739
restaurant,cola,0.0004974798066541553
restaurant,pizza,0.00048542561125941575
restaurant,nine,0.0004853695572819561
restaurant,noodles,0.00047798201558180153
restaurant,cocktail,0.000469061458716169
restaurant,some,0.0004615445213858038
restaurant,onions,0.0004583507834468037
restaurant,blood,0.00045807179412804544
restaurant,this,0.00045115264947526157
restaurant,candy,0.0004454288282431662
restaurant,whisky,0.0004438490723259747
restaurant,candles,0.0004425673105288297
restaurant,sugar,0.0004414847935549915
restaurant,japanese,0.0004371985560283065
restaurant,port,0.0004228489415254444
restaurant,twelve,0.0004179718380328268
restaurant,that,0.00041646938188932836
restaurant,italian,0.0004074897733516991
restaurant,cream,0.00040676022763364017
restaurant,food,0.00040330507908947766
restaurant,ones,0.0003998489410150796
restaurant,eight,0.00039782331441529095
restaurant,steak,0.0003950931422878057
restaurant,salt,0.00037716253427788615
restaurant,jack,0.00036244254442863166
restaurant,basics,0.00035893861786462367
salad,salad,0.3227851390838623
salad,tomatoes,0.0842960923910141
salad,vegetables,0.050727479159832
salad,chicken,0.04878395423293114
salad,bread,0.04459111765027046
salad,sandwiches,0.037121228873729706
salad,pasta,0.03359295427799225
salad,wine,0.024357514455914497
salad,water,0.023708242923021317
salad,fruit,0.023128164932131767
salad,milk,0.015013343654572964
salad,two,0.014748423360288143
salad,soup,0.011741324327886105
salad,cheese,0.010146327316761017
salad,grapes,0.008528051897883415
salad,onions,0.0066404943354427814
salad,meat,0.006444374565035105
salad,one,0.005721107590943575
salad,tuna,0.0053473967127501965
salad,beer,0.004970726557075977
salad,eggs,0.0047614919021725655
salad,soda,0.004539458081126213
salad,apples,0.004446306731551886
salad,garlic,0.00438009575009346
salad,rice,0.004353908356279135
salad,beef,0.0042808023281395435
salad,mushrooms,0.004279337357729673
salad,chinese,0.004264503717422485
salad,dinner,0.0042494782246649265
salad,lunch,0.004040817264467478
salad,steak,0.0036149804946035147
salad,mayo,0.00360503070987761
salad,lobster,0.003503528656437993
salad,mustard,0.0031771354842931032
salad,juice,0.0031720218248665333
salad,rolls,0.0030951928347349167
salad,candles,0.0030934633687138557
salad,noodles,0.002794625936076045
salad,chips,0.0027786409482359886
salad,bananas,0.002762043848633766
salad,dressing,0.0025436212308704853
salad,potatoes,0.002472713589668274
salad,shrimp,0.002274100435897708
salad,fish,0.002228223253041506
salad,seafood,0.002213974017649889
salad,dessert,0.002149621956050396
salad,groceries,0.0021069711074233055
salad,spaghetti,0.0020639952272176743
salad,coffee,0.0019785293843597174
salad,produce,0.001975580584257841
salad,herbs,0.0019326857291162014
salad,ham,0.0019305580062791705
salad,pizza,0.001879156450740993
salad,tea,0.0018729391740635037
salad,popcorn,0.001850929926149547
salad,starters,0.0017189596546813846
salad,food,0.0017146175960078835
salad,beans,0.0016009635291993618
salad,three,0.0015852011274546385
salad,sauce,0.0015596593730151653
salad,flowers,0.0015217757318168879
salad,turkey,0.0014902639668434858
salad,salmon,0.001457257429137826
salad,spices,0.0013962001539766788
salad,pot,0.0013899175683036447
salad,staples,0.0013696392998099327
salad,butter,0.0013156739296391606
salad,plates,0.001308939536102116
salad,apple,0.0012391762575134635
salad,ingredients,0.0011989291524514556
salad,salt,0.0011883119586855173
salad,chocolate,0.0011021251557394862
salad,vegetarian,0.0010789923835545778
salad,cereal,0.001062450697645545
salad,cream,0.0010611929465085268
salad,crap,0.001038200338371098
salad,alcohol,0.0010158269433304667
salad,glasses,0.001005620346404612
salad,supplies,0.0009336788207292557
salad,fries,0.0009222890948876739
salad,that,0.0008892393088899553
salad,beers,0.000853769073728472
salad,snacks,0.000829133321531117
salad,towels,0.0008210099185816944
salad,trout,0.0008164002792909741
salad,peas,0.0008077281527221203
salad,ice,0.0008026737486943603
salad,me,0.0007981571252457798
salad,some,0.0007626432925462723
salad,basics,0.0007529212743975222
salad,stuff,0.0007491210126318038
salad,italian,0.0007387021323665977
salad,pie,0.0007316776318475604
salad,bulbs,0.0007231781492009759
salad,us,0.0007228699396364391
salad,sheets,0.0007097467314451933
salad,samples,0.0007081612711772323
salad,chili,0.0006884667091071606
salad,five,0.0006764943245798349
salad,green,0.000657523050904274
science,science,0.08683545887470245
science,physics,0.07289962470531464
science,mathematics,0.07021113485097885
science,math,0.06726711988449097
science,animals,0.049754347652196884
science,biology,0.04731109365820885
science,chemistry,0.042577244341373444
science,dinosaurs,0.03728579357266426
science,astronomy,0.030096113681793213
science,medicine,0.026194006204605103
science,history,0.01885528676211834
science,computers,0.014691025018692017
science,magic,0.010498842224478722
science,engineering,0.009850820526480675
science,music,0.008162560872733593
science,geography,0.006985011976212263
science,nature,0.006834913976490498
science,gardening,0.006831713952124119
science,people,0.006310432218015194
science,food,0.006177934352308512
science,technology,0.006004871800541878
science,religion,0.005908189807087183
science,geology,0.005769654177129269
science,numbers,0.005629479419440031
science,sports,0.005112273618578911
science,cars,0.005055466201156378
science,art,0.004761025309562683
science,mechanics,0.004712608177214861
science,monsters,0.004476751200854778
science,us,0.004452570807188749
science,you,0.004368054214864969
science,cooking,0.0041436003521084785
science,girls,0.004037101287394762
science,plants,0.003908987622708082
science,politics,0.0037888435181230307
science,geometry,0.003731853561475873
science,vampires,0.0037088769022375345
science,football,0.003675072453916073
science,botany,0.003598890034481883
science,sex,0.0035590617917478085
science,psychology,0.0035008741542696953
science,explosives,0.003486064961180091
science,water,0.0033059236593544483
science,space,0.003148208139464259
science,women,0.0030246328096836805
science,robots,0.0029019531793892384
science,zoology,0.0028718309476971626
science,puzzles,0.0028574829921126366
science,horses,0.0028195634949952364
science,fishing,0.0027526149060577154
science,books,0.002625013468787074
science,children,0.0025133886374533176
science,birds,0.0024776924401521683
science,philosophy,0.002417945768684149
science,earth,0.002387013053521514
science,electricity,0.0023725382052361965
science,kids,0.002363863168284297
science,flowers,0.002302795182913542
science,photography,0.0021723080426454544
science,electronics,0.0020791850984096527
science,money,0.002056583296507597
science,poetry,0.002025696448981762
science,mythology,0.0020192775409668684
science,boys,0.002018105937168002
science,aliens,0.002004230162128806
science,literature,0.0019557143095880747
science,airplanes,0.0018498458666726947
science,fossils,0.0018047390040010214
science,men,0.0017734741559252143
science,machines,0.0017723185010254383
science,algebra,0.001741234096698463
science,engines,0.0017340568592771888
science,babies,0.0017258442239835858
science,love,0.0017146458849310875
science,fiction,0.001712669967673719
science,mars,0.0016821013996377587
science,health,0.001604696735739708
science,vegetables,0.0015787548618391156
science,soccer,0.0015253124292939901
science,insects,0.0015124100027605891
science,stuff,0.001481565646827221
science,genetics,0.001479382161051035
science,cats,0.001452992670238018
science,business,0.0014524862635880709
science,baseball,0.0013906152453273535
science,scientists,0.0013688429025933146
science,economics,0.0013653020141646266
science,shakespeare,0.0013063864316791296
science,myths,0.0012972773984074593
science,angels,0.00126731488853693
science,archaeology,0.0012573914136737585
science,pottery,0.001234477269463241
science,swimming,0.0012196949683129787
science,zombies,0.0011815393809229136
science,boats,0.0011332635767757893
science,evolution,0.001115070073865354
science,inventions,0.0011114635271951556
science,ships,0.0010952283628284931
science,humans,0.0010889300610870123
science,chess,0.0010759998112916946
throw,one,0.3158281445503235
throw,two,0.10997501760721207
throw,shorts,0.08554544299840927
throw,three,0.02117614448070526
throw,matches,0.018286410719156265
throw,darts,0.01759939268231392
throw,keys,0.017455589026212692
throw,gloves,0.01289002038538456
throw,tennis,0.012868219055235386
throw,this,0.012421749532222748
throw,football,0.011562773957848549
throw,tv,0.010806859470903873
throw,cars,0.010686284862458706
throw,ducks,0.009906609542667866
throw,shells,0.009504333138465881
throw,five,0.00946270301938057
throw,today,0.009379800409078598
throw,cricket,0.008713053539395332
throw,jackets,0.008394138887524605
throw,dogs,0.00778995594009757
throw,four,0.007443876005709171
throw,bait,0.0073863142170012
throw,water,0.0071937935426831245
throw,boats,0.006498239003121853
throw,volleyball,0.005455292761325836
throw,nine,0.00508376257494092
throw,game,0.004354020114988089
throw,flashlight,0.0043416013941168785
throw,toys,0.004155447240918875
throw,seven,0.003934936597943306
throw,boxers,0.003777066944167018
throw,bicycles,0.0035560240503400564
throw,binoculars,0.0032184601295739412
throw,showers,0.0031015605200082064
throw,sandwiches,0.0030890002381056547
throw,yesterday,0.0029044244438409805
throw,tonight,0.0028888776432722807
throw,fish,0.002886143047362566
throw,fireworks,0.002591905416920781
throw,oil,0.002494703745469451
throw,rope,0.002462004544213414
throw,ten,0.0024492063093930483
throw,six,0.0024394020438194275
throw,cash,0.002353838412091136
throw,candles,0.0022852530237287283
throw,movies,0.002258200431242585
throw,softball,0.002197048394009471
throw,us,0.002148494590073824
throw,car,0.002089916728436947
throw,towels,0.0020866484846919775
throw,cartridges,0.0020783806685358286
throw,tools,0.002026401227340102
throw,handcuffs,0.0019350905204191804
throw,headlights,0.0018856854876503348
throw,eight,0.0018478044075891376
throw,hay,0.0017926162108778954
throw,sunglasses,0.0017883542459458113
throw,shoes,0.0017821772489696741
throw,tape,0.0017453350592404604
throw,you,0.0017113550566136837
throw,paper,0.0017113470239564776
throw,beer,0.0017061096150428057
throw,plastic,0.0016783281462267041
throw,lights,0.0016775601543486118
throw,guns,0.0016424794448539615
throw,groceries,0.0014684725319966674
throw,horses,0.0014489329187199473
throw,nets,0.0014409845462068915
throw,tyres,0.0014234688133001328
throw,twenty,0.0013974602334201336
throw,bikes,0.0012807780876755714
throw,cards,0.0012311532627791166
throw,basketball,0.0011679925955832005
throw,gas,0.0011482944246381521
throw,petrol,0.00114442000631243
throw,sandals,0.0011308357352390885
throw,books,0.0011187371565029025
throw,sneakers,0.001089949975721538
throw,popcorn,0.0010763757163658738
throw,tomatoes,0.0010678913677111268
throw,eyes,0.0010645237052813172
throw,dvds,0.0010373856639489532
throw,sand,0.001025836798362434
throw,dart,0.0010146968998014927
throw,badminton,0.0009927344508469105
throw,games,0.0009598239557817578
throw,ice,0.0009507737122476101
throw,holly,0.0009218589984811842
throw,money,0.0009146553929895163
throw,eleven,0.0008896735380403697
throw,rubber,0.0008857149514369667
throw,swings,0.000876149395480752
throw,rifles,0.0008696197182871401
throw,enough,0.0008654260309413075
throw,jeans,0.0008634820696897805
throw,leaves,0.0008570205536670983
throw,me,0.0008548346231691539
throw,pads,0.0008348918636329472
throw,to,0.000819641980342567
throw,hawks,0.0008193320827558637
transport,cars,0.15313391387462616
transport,one,0.08133470267057419
transport,me,0.07136576622724533
transport,keys,0.06457408517599106
transport,shoes,0.04970667138695717
transport,two,0.048562631011009216
transport,legs,0.04431869089603424
transport,us,0.02220502868294716
transport,you,0.021408811211586
transport,books,0.02087870053946972
transport,to,0.014440408907830715
transport,shorts,0.012963446788489819
transport,porsche,0.012818321585655212
transport,wheels,0.012774121016263962
transport,football,0.01064259372651577
transport,boats,0.01042660977691412
transport,eight,0.009480507113039494
transport,seven,0.009370584040880203
transport,five,0.009313298389315605
transport,four,0.008360855281352997
transport,horses,0.0075355092994868755
transport,tools,0.006791204214096069
transport,car,0.006554111372679472
transport,walking,0.006327273789793253
transport,six,0.00600034836679697
transport,three,0.005700988695025444
transport,boxers,0.00566993048414588
transport,ten,0.0054915607906877995
transport,mine,0.005431900732219219
transport,glasses,0.0053707631304860115
transport,trucks,0.005139829590916634
transport,bicycles,0.0049861096777021885
transport,clothes,0.0044349064119160175
transport,this,0.0041132401674985886
transport,directions,0.0039694542065262794
transport,wings,0.0037979702465236187
transport,jeans,0.0035423398949205875
transport,stairs,0.003532448783516884
transport,walker,0.0032253803219646215
transport,tracks,0.003212805837392807
transport,sneakers,0.0029960840474814177
transport,twelve,0.002986971754580736
transport,twenty,0.0029266239143908024
transport,money,0.002897784812375903
transport,practice,0.002864057430997491
transport,transportation,0.002829653676599264
transport,eyes,0.002756780944764614
transport,tesla,0.0027498463168740273
transport,supplies,0.0027128299698233604
transport,friends,0.0026094180066138506
transport,time,0.0025223686825484037
transport,sandals,0.0024471755605190992
transport,class,0.002438925439491868
transport,bikes,0.002427013125270605
transport,water,0.0024194286670535803
transport,classes,0.002301666187122464
transport,company,0.0021693368908017874
transport,parking,0.0020608718041330576
transport,lessons,0.00201571942307055
transport,vans,0.0019740944262593985
transport,nine,0.0019394970731809735
transport,groceries,0.001911556115373969
transport,basketball,0.001848481479100883
transport,feet,0.0018469589995220304
transport,plans,0.001772100105881691
transport,eleven,0.001671664067544043
transport,light,0.001646323362365365
transport,family,0.001599776209332049
transport,driving,0.0015068756183609366
transport,jackets,0.0014932138146832585
transport,pants,0.0014675878919661045
transport,gas,0.0014427255373448133
transport,tires,0.0014358139596879482
transport,fifteen,0.0014149381313472986
transport,gps,0.0013618816155940294
transport,steps,0.0012884092284366488
transport,english,0.0012508828658610582
transport,pockets,0.0012432459043338895
transport,max,0.0012256870977580547
transport,motorcycles,0.0012251576408743858
transport,coffee,0.0011524228611961007
transport,her,0.0011443496914580464
transport,doors,0.001140708802267909
transport,boots,0.001133847632445395
transport,that,0.001116752391681075
transport,trunks,0.0010431398404762149
transport,headlights,0.0010368769289925694
transport,heels,0.0009804089786484838
transport,room,0.0009795182850211859
transport,luggage,0.0009597586467862129
transport,cash,0.0009443946764804423
transport,tennis,0.0009239138453267515
transport,toyota,0.0008860044181346893
transport,it,0.0008854845073074102
transport,his,0.0008767191902734339
transport,binoculars,0.0008754942682571709
transport,vehicles,0.0008641506428830326
transport,dogs,0.0008156663971021771
transport,theory,0.0007952494779601693
transport,work,0.0007548329886049032
